name,otherNames,scientificName,popularity
Aardonyx,,,10
Aardvark,,Orycteropus afer,60
Abelisaur,,"Abelisauria, Abelisauroidea",10
Abelisauridae subclade 1,,,
Abelisauridae subclade 2,,,
Abelisauridae,,,
Abelisaurus,,,20
Abietoideae,,,
Abrictosaurus,,,10
Abrothrix longipilis,"[""Long-haired grass mouse"", ""Long-haired akodont""]",,50
Abrothrix sanborni,"[""Sanborn's grass mouse"", ""Sanborn's akodont""]",,50
Abrothrix,,,50
Acamptonectes,,,10
Acanthodes,,,
Acanthodii,"[""Spiny sharks""]",,
Acanthomeridion,,,10
Acanthostachys,,,30
Acanthostega,,,10
Acanthostomatops,,,10
Acariformes,,,10
Acheloma,,,10
Achelousaurus,,,10
Achillesaurus,,,10
Acorus,,,40
Acouchi,,,50
Acrocanthosaurus,,,10
Acrodonta subclade 1,,,
Acrodonta subclade 2,,,
Acrodonta subclade 3,,,
Acrodonta subclade 4,,,
Acrodonta,,,
Acrogymnospermae subclade 1,,,
Acrogymnospermae,,,
Actinistia,,,
Actinocerida,,,10
Aculifera subclade 1,,,
Aculifera,,,
Adamantinasuchus,,,10
Adasaurus,,,10
Addax,,Addax nasomaculatus,50
Adeopapposaurus,,,10
Aechmea,,,30
Aegisuchus,,,10
Aegodontia subclade 1,,,
Aegodontia subclade 2,,,
Aegodontia,,,
Aegyptocetus,,,
Aegyptopithecus,,,
Aelurognathus,,,10
Aelurosaurus,,,10
Aeolosaurus,,,10
Aepycamelus,,,10
Aerosaurus,,,10
Aerosteon,,,10
Aetosaur subclade 1,,,
Aetosaur,,Aetosauria,
Aetosaurus,,,20
African buffalo,,Syncerus caffer,70
African elephant,,Loxodonta,85
African palm civet,,Nandiniidae,
African rice,,,55
African striped weasel,,Poecilogale albinucha,30
Afroalpine vlei rat,,Otomys orestes,50
Afroinsectiphilia,,,
Afrosoricida,,,
Afrotheria,,,
Afrovenator,,,20
Afrovenatorinae subclade 1,,,
Afrovenatorinae,,,
Agama,,,10
Agapanthus,,,30
Agathis,,,50
Agave,,,50
Agavoideae,,,
Agile wallaby,,Macropus agilis,40
Agilisaurus,,,10
Aglaophyton,,,10
Aglaspidida,,,
Aglaspis,,,10
Agriochoerus,,,10
Agujaceratops,,,10
Ajancingenia,,,10
Akidnognathidae subclade 1,,,
Akidnognathidae,,,
Alamosaurus,,,10
Alaskacephale,,,10
Albanerpeton,,,10
Albertaceratops,,,10
Albertonykus,,,10
Albertosaurinae,,,
Albertosaurus,,,10
Alcelaphinae,,,
Alcelaphus,,,
Alioramus,,,10
Alismatid,,Alismatales,40
Alligator,,,85
Alligatoridae,,,
Alligatorinae,,,
Alligatoroidea,,,
Allioideae subclade 1,,,
Allioideae subclade 2,,,
Allioideae,,,
Allium cyathophorum,,,30
Allium subclade 1,,,
Allium subclade 2,,,
Allium subclade 3,,,
Allium subclade 4,,,
Allium victorialis,"[""victory onion"", ""Alpine leek"", ""Alpine broad-leaf allium""]",,30
Allium,,,
Allodaposuchus,,,10
Allognathosuchus,,,10
Allosauria,,,
Allosauridae,,,
Allosauroidea,,,
Allosaurus,,,65
Allotheria,,,
Aloposaurus,,,10
Alpaca,,Vicugna pacos,
Alpine ibex,,,60
Alpinieae,,,10
Alpinioideae,,,
Alston's brown mouse,,,50
Alticola,,,50
Alvarezsaur,,Alvarezsauria,
Alvarezsauridae subclade 1,,,10
Alvarezsauridae,,,
Alvarezsaurus,,,10
Alwalkeria,,,10
Alxasaurus,,,10
Amami rabbit,,Pentalagus,50
Amargasaurus,,,30
Amaryllidaceae sl subclade 1,,,
Amaryllidaceae sl,,,
Amaryllidoideae,,,10
Amazon bamboo rat,,Dactylomys dactylinus,50
Amazon river dolphin,,Inia geoffrensis,30
Amazonsaurus,,,10
Amblypygi,"[""whip spiders"", ""tailless whip scorpions""]",,10
Amborella,,,50
Ambulocetidae,,,
American badger,,Taxidea,65
American bison,"[""American buffalo""]",,60
American crocodile,,Crocodylus acutus,60
American legless lizard,,Anniella,50
American lion,,Panthera leo atrox,30
American mink,,Neovison vison,50
American shrew mole,,Neurotrichus gibbsii,30
Ameridelphia,,,
Ammonoidea,,,10
Amniote,,Amniota,50
Amoebozoa,,,
Ampelodesmos,,,30
Ampelomeryx,,,10
Amphibamidae subclade 1,,,
Amphibamidae subclade 2,,,
Amphibamidae,,,
Amphibamus,,,10
Amphibian,,"Amphibia, Temnospondyli",70
Amphicoelias,,,10
Amphilemuridae,,,
Amphisbaenia,,,10
Amurosaurus,,,10
Anabisetia,,,10
Ananas ananassoides,,,40
Ananas bracteatus,"[""red pineapple""]",,50
Ananas lucidus,,,40
Ananas macrodontes,,,30
Ananas,,,
Anaspida,,,
Anatosuchus,,,10
Anchiceratops,,,10
Anchiornis,,,10
Anchisauria subclade 1,,,
Anchisauria subclade 2,,,
Anchisauria subclade 3,,,
Anchisauria,,,
Anchisaurus,,,20
Anchitheriinae,,,
Anconastes,,,10
Andropogoneae,,,
Andropogonodae,,,
Anelytropsis,,,30
Angistorhinus,,,10
Anguidae,,,10
Anguimorpha,,,
Anguioidea,,,
Angwantibo,,Arctocebus,50
Animal,,Animalia,95
Animantarx,,,10
Anisodon,,,40
Ankylopollexia,,,
Ankylosauria,,,
Ankylosauridae,,,
Ankylosaurinae subclade 1,,,
Ankylosaurinae,,,
Ankylosaurus,,,70
Annatherapsidus,,,10
Annelid subclade 1,,,
Annelid subclade 2,,,
Annelid,"[""ringed worms"", ""segmented worms""]",Annelida,
Annonaceae,"[""custard apple family""]",,40
Anoa,,"Bubalus quarles, Bubalus depressicornis",50
Anomocephalus,,,20
Anomodontia subclade 1,,,
Anomodontia subclade 2,,,
Anomodontia subclade 3,,,
Anomodontia subclade 4,,,
Anomodontia,,,
Anteater,,Vermilingua,70
Antennacanthopodia,,,10
Anteosaur,,Anteosauria,30
Anteosauridae,,,
Anteosaurinae subclade 1,,,
Anteosaurinae,,,
Anteosaurus,,,20
Antetonitrus,,,10
Anthodon,,,10
Anthozoa,,,
Anthracosaurus,,,10
Anthracotherium,,,10
Antilocapridae,,,
Antilocaprinae,,,
Antilopinae subclade 1,,,
Antilopinae,,,
Antilopine kangaroo,,,40
Antilopini subclade 1,,,
Antilopini subclade 2,,,
Antilopini subclade 3,,,
Antilopini subclade 4,,,
Antilopini,,,
Anzu,,,10
Apatoraptor,,,10
Apatosaurinae,,,
Apatosaurus,,,50
Ape,,Hominoidea,60
Aphyllanthes,,,30
Apostasioideae,,,10
Appalachiosaurus,,,10
Arabian tahr,,,50
Arachnid subclade 1,,,
Arachnid subclade 2,,,
Arachnid subclade 3,,,
Arachnid,,Arachnida,60
Araeoscelidia,,,
Araeoscelis,,,10
Araeosceloidea,,,
Arandaspida,,,
Araripesuchus,,,10
Araucaria,,,50
Araucariaceae,,,
Archaea,,,
Archaeoceratops,,,10
Archaeopteris,,,10
Archaeopteryx,,,60
Archaeosyodon,,,10
Archaeovenator,,,10
Archaeplastida,,,
Archegosaurus,,,10
Archeria,,,10
Archosauria,,,
Archosauriformes,,,
Archosauromorpha,,,
Arctognathus,,,10
Arctoidea subclade 1,,,
Arctoidea,,,
Ardipithecus,,,
Arecales,,,
Argali,"[""Mountain sheep""]",Ovis ammon,50
Arganaceras,,,10
Aristideae,,,10
Aristolochia,,,55
Aristolochiaceae,,,
Arizonasaurus,,,20
Armadillo girdled lizard,,Ouroborus cataphractus,50
Armadillo,,Dasypodidae,70
Armadillosuchus,,,10
Armored rat,,Hoplomys gymnurus,50
Arrhinoceratops,,,10
Arsinoitheriidae,,,10
Arthropod subclade 1,,,
Arthropod subclade 2,,,
Arthropod subclade 3,,,
Arthropod,,Arthropoda,50
Artiofabula,,,
Artiopoda subclade 1,,,
Artiopoda subclade 2,,,
artiopoda,,,
Arundinelleae,,,10
Arundinoideae,,,10
Arvicola,,,
Arvicolinae,,,
Arvicolini,,,
Asaroideae,,,
Ascarina,,,50
Asian badger,,Meles leucurus,60
Asian elephant,,Elephas maximus,85
Asian rice,,Oryza sativa,75
Asparagaceae sl subclade 1,,,
Asparagaceae sl subclade 2,,,
Asparagaceae sl subclade 3,,,
Asparagaceae sl subclade 4,,,
Asparagaceae sl subclade 5,,,
Asparagaceae sl,,,
Asparagales subclade 1,,,
Asparagales subclade 2,,,
Asparagales subclade 3,,,
Asparagales subclade 4,,,
Asparagales subclade 5,,,
Asparagales subclade 6,,,
Asparagales subclade 7,,,
Asparagales subclade 8,,,
Asparagales,,,
Asparagus,,,60
Asteliaceae,,,10
Asteroxylon,,,10
Athrotaxis,,,50
Atlantic forest climbing mouse,,Rhipidomys mastacalis,50
Atrociraptor,,,10
Attercopus,,,10
Aturia,,,10
Aucasaurus,,,10
Augustasaurus,,,10
Aulacocephalodon,,,10
Aulophyseter,,,
Aurochs,,Bos primigenius primigenius,10
Aurornis,,,10
Australerpeton,,,10
Australian water dragon,,Intellagama lesueurii,55
Australidelphia subclade 1,,,
Australidelphia,,,
Australobarbarus,,,10
Australopithecus afarensis,,,
Australosyodon,,,10
Australovenator,,,10
Austrobaileyales,,,
Austroraptor,,,10
Avaceratops,,,10
Avemetatarsalia,,,
Averostra,,,
Avetheropoda,,,
Avimimus,,,10
Avocado,"[""Alligator pear""]",Persea americana,70
Babirusa,"[""deer-pig""]",,50
Bacteria,,,70
Bagaceratops,,,10
Baiji,"[""Chinese river dolphin"", ""Yangtze River dolphin""]",Lipotes vexillifer,20
Bailongia,,,10
Balaenidae,,,
Balaenoptera,,,
Balanerpeton,,,10
Baleen whale,,Mysticeti,60
Bambiraptor,,,10
Bamboo rat,,Rhizomyini,50
Bamboo,,,70
Banana,,Musa,80
Banded hare-wallaby,"[""Munning""]",Lagostrophus fasciatus,30
Banteng,,,50
Baragwanathia,,,10
Barapasaurus,,,10
Barbary sheep,,Ammotragus lervia,50
Barley,,,60
Barosaurus,,,10
Baryonychinae,,,
Baryonyx,,,20
Baryphracta,,,10
Basiliscus,,,50
Basilosauridae,,,
Basilosaurus,,,20
Bassaricyon subclade 1,,,
Bassaricyon subclade 2,,,
Bassaricyon,,,
Bassariscus,,,
Bat-eared fox,,Otocyon megalotis,50
Bat,,Chiroptera,70
Batrachia,,,
Batrachotomus,,,10
Baurioidea subclade 1,,,
Baurioidea subclade 2,,,
Baurioidea subclade 3,,,
Baurioidea subclade 4,,,
Baurioidea,,,
Baurusuchidae,,,
Baurusuchus,,,20
Beaked whale,,Ziphioidea,
Bear dog,,Amphicyonidae,
Bear,,Ursidae,80
Beaver,,Castor,70
Beckwithia,,,10
Beipiaosaurus,,,10
Beira,,Dorcatragus megalotis,50
Beishanlong,,,10
Belebey,,,10
Belemnoidea,,,10
Beluga whale,"[""White whale""]",Delphinapterus,60
Benthosuchus,,,10
Bernissartia,,,10
Besanosaurus,,,10
Bettong,,Bettongia,30
Bezoar ibex,,Capra aegagrus aegagrus,50
Bharal,"[""Himalayan blue sheep"", ""naur""]",Pseudois nayaur,50
Biarmosuchia subclade 1,,,
Biarmosuchia subclade 2,,,
Biarmosuchia subclade 3,,,
Biarmosuchia,,,
Biarmosuchus,,,10
Bibos,,,
Bidentalia,,,
Bifurcata,,,
Big-headed mole-rat,,Tachyoryctes macrocephalus,50
Bighorn sheep,,Ovis canadensis,60
Bikonta subclade 1,,,
Bikonta subclade 2,,,
Bikonta,,,
Bilateria,,,30
Birch mouse,,,50
Bird of paradise flower,"[""Crane flower""]",,55
Bird,"[""Ave""]",Avialae,95
Birkenia,,,
Biseridens,,,10
Bison,,,70
Bistahieversor,,,10
Bivalvia,,,10
Black garlic,"[""broad-leaved leek"", ""broadleaf garlic""]",Allium nigrum,50
Black wallaroo,,Macropus bernardus,40
Black wildebeest,"[""White-tailed gnu""]",Connochaetes gnou,50
Black-striped wallaby,,,40
Blackbuck,"[""Indian antelope""]",Antilope cervicapra,60
Blandfordia,"[""Christmas bells""]",,30
Blesbok,,Damaliscus pygargus phillipsi,50
Blesmol,"[""Mole-rats"", ""African mole-rats""]",,50
Blind mole rats,,Spalax,50
Blue whale,,Balaenoptera musculus,90
Blue wildebeest,"[""Common wildebeest"", ""White-bearded wildebeest"", ""Brindled gnu""]",Connochaetes taurinus,70
Blue-black plated lizard,,,50
Blue-spotted girdled lizard,,Ninurta coeruleopunctatus,50
Bluebuck,,Hippotragus leucophaeus,40
Bobtail squid,,Sepiolida,40
Bolosauridae,,,
Bongo,,,50
Bontebok,,Damaliscus pygargus pygarus,50
Bony fish,,Osteichthyes,60
Bop clade subclade 1,,,
Bop clade,,,
Boreoeutheria,,,
Borhyaenoidea,,,
Borophagus,,,10
Boryaceae,,,10
Bos primigenius,,,
Bos,,,
Boselaphini,,,
Bottlenose dolphin,,Tursiops,80
Bovid,,Bovidae,30
Bovinae,,,
Bovini,,,
Bowenia,,,50
Bowhead whale,,Balaena,50
Brachiopod,,,10
Brachiosauridae subclade 1,,,
Brachiosauridae,,,
Brachiosaurus,,,60
Brachychampsa,,,10
Brachyelytrum,,,30
Brachylophosaurini,,,
Brachylophosaurus,,,20
Brachypodium,,,30
Brachypterygius,,,10
Brachyrhinodon,,,10
Brachyrostra,,,
Brachytrachelopan,,,10
Bradysaurus,,,20
Brandt's vole,,Lasiopodomys brandtii,50
Brasenia,,,50
Brazilian guinea pig,,Cavia aperea,50
Brevirostres,,,
Brodiaeoideae,,,10
Broiliellus,,,10
Bromeliaceae,,,
Bromeliad clade,,,
Bromelioideae,,,
Bromus,,,30
Brontosaurus,,,80
Brontotheriidae,"[""Titanotheriidae""]",,
Brontotheriina,,,
Brontotheriinae,,,
Brontotheriini,,,
Brontotherioidea,,,
Brookesia,,,10
Broomistega,,,10
Brush-furred mouse,,Lophuromys,50
Brygmophyseter,,,
Bryozoa,"[""Polyzoa"", ""Ectoprocta"", ""moss animals""]",,10
Bubalus,,,
Buenaspis,,,10
Buitreraptor,,,10
Bunny rat,,Reithrodon auritus,50
Bunostegos,,,10
Bur-reed,,Sparganium,55
Burbidgea,,,40
Burmanniaceae,,,10
Burnetia,,,10
Burnetiamorpha subclade 1,,,
Burnetiamorpha,,,
Burnetiidae subclade 1,,,
Burnetiidae,,,
Bush vlei rat,,,50
Bushpig,,Potamochoerus larvatus,50
Byronosaurus,,,10
Cabomba,,,50
Cabombaceae,,,
Cacomistle,,Bassariscus sumichrasti,30
Cacops,,,10
Caecilian,,Apoda,50
Caenagnathasia,,,10
Caenagnathidae subclade 1,,,
Caenagnathidae subclade 2,,,
Caenagnathidae subclade 3,,,
Caenagnathidae,,,
Caenagnathoidea,,,
Caiman,,Caimaninae,50
California rock lizard,,Petrosaurus,50
Californosaurus,,,10
Callitroideae,,,10
Callospermarion,,,10
Callovosaurus,,,10
Calycanthaceae,,,10
Camarasaurus,,,40
Camel,,Camelus,80
Camelinae,,,
Camelini,,,
Camelops,,,10
Camptosaurus,,,10
Canada onion,"[""Canadian garlic"", ""wild garlic"", ""meadow garlic"", ""wild onion""]",Allium canadense,50
Cane rat,,Thryonomys,50
Canellales,,,10
Canidae,,,
Caniformia,"[""Canoidea""]",,50
Caninae,,,
Canini,,,
Canis lupus,,,
Canis,,,
Canna,,,30
Cannariae,,,
Cape grass lizard,,Chamaesaura anguina,55
Cape grysbok,,Raphicerus melanotis,50
Capitosauria subclade 1,,,
Capitosauria subclade 2,,,
Capitosauria subclade 3,,,
Capitosauria subclade 4,,,
Capitosauria subclade 5,,,
Capitosauria subclade 6,,,
Capitosauria subclade 7,,,
Capitosauria subclade 8,,,
Capitosauria,,,
Capra caucasica,,,
Capra,,,
Caprinae,,,
Caprini,,,
Captorhinidae subclade 1,,,
Captorhinidae,,,
Captorhinus,,,10
Capybara,,Hydrochoerus hydrochaeris,65
Carcharodontosauria,,,
Carcharodontosauridae subclade 1,,,10
Carcharodontosauridae subclade 2,,,
Carcharodontosauridae,,,
Carcharodontosaurinae,,,
Carcharodontosaurus,,,40
Carnivora,,,60
Carnosauria,,,
Carnotaurinae subclade 1,,,
Carnotaurinae,,,
Carnotaurini,,,
Carnotaurus,,,40
Carpolestes,,,10
Cartilaginous fish,,Chondrichthyes,40
Casea,,,10
Caseasauria,,,
Caseidae subclade 1,,,
Caseidae,,,
Castoridae,,,
Castorimorpha,,,
Castorocauda,,,10
Cat,,Felis catus,90
Catarrhini,,,
Cathaya,,,50
Cathaymyrus,,,10
Catkin-yews,,Amentotaxus,50
Catopsbaatar,,,10
Cattle,"[""Cow""]",,85
Caudata,,,
Caudipteryx,,,10
Caudofoveata,,,10
Cavia,,,
Caviidae,,,
Caviinae,,,
Cavioidea,,,
Caviomorpha,,,
Caypullisaurus,,,10
Cedar,,,60
Cellular life,,,50
Centipede,,Chilopoda,70
Centothecoid clade,,,10
Centrolepidaceae,,,10
Centrosaurinae subclade 1,,,
Centrosaurinae subclade 2,,,
Centrosaurinae subclade 3,,,
Centrosaurinae subclade 4,,,
Centrosaurinae subclade 5,,,
Centrosaurinae subclade 6,,,
Centrosaurinae,,,
Centrosaurus,,,10
Cephalochordata,,,
Cephalopod,,,40
Cephalotaxaceae,,,
Cerapoda,,,
Cerasinops,,,10
Ceratomorpha,,,
Ceratophyllum,"[""coontails"", ""hornworts""]",,50
Ceratopsia subclade 1,,,
Ceratopsia,"[""Ceratopia""]",,
Ceratopsidae,,,
Ceratosauria subclade 1,,,
Ceratosauria,,,
Ceratosaurus,,,40
Ceratosuchus,,,10
Ceratozamia,,,50
Ceresiosaurus,,,10
Cetacea subclade 1,,,
Cetacea subclade 2,,,
Cetacea subclade 3,,,
Cetacea subclade 4,,,
Cetacea subclade 5,,,
Cetacea subclade 6,,,
Cetacea,,,
Cetartiodactyla,,,20
Cetiosaurus,,,10
Cetotheriidae,,,
Cetotherium,,,10
Cetruminantia,,,
Chacaicosaurus,,,10
Chainosauria subclade 1,,,
Chainosauria,,,
Chalarodon madagascariensis,,,50
Chalicothere,,Chalicotheriidae,
Chamaecyparis,"[""cypress"", ""false cypress""]",,50
Chamitataxus,,,10
Chamois,,Rupicapra spp.,50
Chaohusaurus,,,10
Chaos,,,
Chaoyangsaurus,,,10
Chapalmalania,,,10
Charassognathus,,,
Charonosaurus,,,10
Charophyceae,,,
Chasmosaurinae subclade 1,,,
Chasmosaurinae subclade 10,,,
Chasmosaurinae subclade 2,,,
Chasmosaurinae subclade 3,,,
Chasmosaurinae subclade 4,,,
Chasmosaurinae subclade 5,,,
Chasmosaurinae subclade 6,,,
Chasmosaurinae subclade 7,,,10
Chasmosaurinae subclade 8,,,
Chasmosaurinae subclade 9,,,
Chasmosaurinae,,,
Chasmosaurus,,,20
Chelicerata,,,
Cheloniellon,,,10
Chenoprosopus,,,10
Cherninia,,,10
Chestnut white-bellied rat,,Niviventer fulvescens,50
Chevrotain,"[""mouse-deer""]",,30
Chialingosaurus,,,10
Chilantaisaurus,,,10
Chilean rock rat,,Aconaemys fuscus,50
Chimpanzee,,Pan,80
Chinchilla rat,,Abrocomidae,50
Chinchilla,,,65
Chinchillidae,,,
Chinchilloidea,,,
Chindesaurus,,,10
Chinese arborvitae,,Platycladus,55
Chinese crocodile lizard,,,10
Chinese water dragon,,,55
Chiton,,Polyplacophora,10
Chloranthaceae,,,
Chloridoideae,,,10
Chlorophyta,,,
Choanoflagellate,,Choanoflagellatea,
Choloepodini,,,
Chordate,,Chordata,50
Chthonosaurus,,,10
Chuniaoae,,,
Cimolesta,,,
Cimolodonta,,,
Cimolomys,,,10
Cindarella,,,10
Cingulata,,,
Cinnamon,,Cinnamomum,65
Cistecephalus,,,10
Citipati,,,10
Cladosictis,,,10
Cladotheria,,,
Clamorosaurus,,,10
Claudiosaurus,,Claudiosauridae,
Clelandina,,,10
Climacoceratidae,,,
Climbing mice,,Dendromurinae,50
Clitellata,,,10
Clubmoss,,Lycopodiaceae,50
Cnidaria,,,
Coahuilaceratops,,,10
Coastal topi,,Damaliscus lunatus topi,50
Coatis subclade 1,,,
Coatis,,,40
Coccosteus,,,
Cochleosauridae subclade 1,,,
Cochleosauridae,,,
Cochleosaurus,,,10
Coelophysis,,,20
Coelurosauria subclade 1,,,
Coelurosauria,,,
Coleoidea,,,
Collared lemming,,Dicrostonyx,50
Colombian soft-furred spiny rat,,Diplomys caniceps,50
Colosteidae,,,
Colosteus,,,10
Colugo,"[""Flying lemurs""]",Dermoptera,40
Comahuesuchus,,,10
Commelinales,,,10
Commelinids sublcade 1,,,
Commelinids,,,
Common agouti,,Dasyprocta,50
Common crag lizard,,,50
Common dolphin,,Delphinus,70
Common eland,,,50
Common tsessebe,,Damaliscus lunatus lunatus,50
Common wallaroo,,Macropus robustus,50
Common warthog,,Phacochoerus africanus,70
Common yew,,Taxus,60
Compsognathidae subclade 1,,,
Compsognathidae subclade 2,,,
Compsognathidae subclade 3,,,
Compsognathidae subclade 4,,,
Compsognathidae,,,
Compsognathus,,,50
Concavenator,,,10
Conchifera subclade 1,,,
Conchifera,,,
Conchoraptor,,,10
Conciliterga subclade 1,,,
Conciliterga subclade 2,,,
Conciliterga,,,
Condorraptor,,,10
Conifer subclade 1,,,
Conifer subclade 2,,,
Conifer subclade 3,,,
Conifer subclade 4,,,
Conifer subclade 5,,,
Conifer subclade 6,,,
Conifer,,"Pinopsida, Coniferophyta, Coniferae",55
Connochaetes,,,
Conodont,,,
Contectopalatus,,,10
Cordaites,,,10
Cordylidae,,,
Cordylomorpha,,,
Cordylus,"[""girdle-tailed lizards"", ""girdled lizards""]",,10
Core pooideae subclade 1,,,
Core pooideae,,,
Corn,"[""maize"", ""Indian corn""]",Zea mays,80
Coronosauria subclade 1,,,
Coronosauria subclade 2,,,
Coronosauria subclade 3,,,
Coronosauria,,,
Coruro,,Spalacopus cyanus,50
Corythosaurus,,,10
Corytophanidae subclade 1,,,
Corytophanidae,,,
Costaceae,,,30
Cotton rat,,Sigmodon,50
Cottontail rabbit,,Sylvilagus,75
Cotylorhynchus,,,20
Coypu,,Myocastor coypus,50
Cozumel raccoon,,Procyon pygmaeus,30
Crab-eating raccoon,,Procyon cancrivorus,30
Crab-eating rat,,Ichthyomys hydrobates,50
Craniata,,,
Crassigyrinus,,,10
Creodonta,,,
Cricetidae,,,
Crocodile subclade 1,"[""test""]",,
Crocodile subclade 2,,,
Crocodile,,Crocodylinae,80
Crocodilia subclade 1,,,
Crocodilia,"[""Crocodylia""]",,
Crocodylidae,,,
Crocodyliformes,,,
Crocodylomorpha subclade 1,,,
Crocodylomorpha subclade 2,,,
Crocodylomorpha,,,20
Crocodylus anthropophagus,,,10
Crocodylus subclade 1,,,
Crocodylus subclade 2,,,
Crocodylus subclade 3,,,
Crocodylus subclade 4,,,
Crocodylus subclade 5,,,
Crocodylus thorbjarnarsoni,,,10
Crocodylus,,,
Cronopio,,,
Crotaphytinae,"[""collared lizards""]",,10
Crurotarsi,,,
Crustacean,,Crustacea,50
Cryolophosaurus,,,
Cryptodontia,,,
Cryptovenator,,,10
Ctenodactyloidea,,,
Ctenophora,"[""Comb jellies""]",,30
Ctenorhachis,,,10
Ctenosauriscidae,,,
Ctenosauriscus,,,10
Ctenospondylus,,,10
Cuban crocodile,,Crocodylus rhombifer,40
Cunninghamia,,,50
Cupressaceae subclade 1,,,
Cupressaceae subclade 2,,,
Cupressaceae subclade 3,,,
Cupressaceae subclade 4,,,
Cupressaceae subclade 5,,,
Cupressaceae,,,
Cupressoideae subclade 1,,,
Cupressoideae subclade 2,,,
Cupressoideae subclade 3,,,
Cupressoideae subclade 4,,,
Cupressoideae subclade 5,,,
Cupressoideae subclade 6,,,
Cupressoideae subclade 7,,,
Cupressoideae,,,
Cupressus,"[""cypress""]",,50
Curly-tailed lizards,,Leiocephalus,50
Cutgrass,,,50
Cutleria,,,10
Cuttlefish,,Sepiida,60
Cyamodontoidea,,,
Cyamodus,,,10
Cycad,,,20
Cycadales,,,
Cycas,,,50
Cyclotosaurus,,,10
Cylostrobus,,,10
Cymbospondylus,,,10
Cynodontia,,,
Cynognathia,,,
Cynognathus,,,10
Cyonosaurus,,,10
Cyperid clade subclade 1,,,
Cyperid clade subclade 2,,,
Cyperid clade subclade 3,,,
Cyperid clade,,,
Cyrtosia,,,30
Dacentrurus,,,10
Dactylomyinae,,,
Dall sheep,,Ovis dalli,50
Dalton's mouse,,Praomys daltoni,50
Dama gazelle,"[""Addra gazelle"", ""Mhorr gazelle""]",Nanger dama,50
Damaliscus lunatus,,,
Damaliscus pygargus,,,
Damaliscus,,,
Danthonioideae,,,10
Dark-tailed tree rat,,Niviventer cremoriventer,50
Darwin's leaf-eared mouse,,,50
Darwinius,,,10
Daspletosaurus,,,10
Dassie rat,,Petromus typicus,50
Dasyceps,,,10
Dasypogonaceae,,,10
Dasyproctidae,,,
Dasyuromorphia,,,
Decapodiformes,,,
Deer mouse,,Peromyscus,60
Deer,,Cervidae,80
Degu,,Octodon degus,50
Deinocheiridae,,,
Deinocheirus,,,20
Deinonychus,,,60
Deinosuchus,,,10
Delphinapterinae,,,
Delphinoidea,,,
Deltadromeus,,,10
Deltavjatia,,,10
Demandasaurus,,,10
Dendrerpeton,,,10
Dendrerpetontidae,,,
Denebola,,,10
Deomyinae,,,
Desert rat-kangaroo,,Caloprymnus campestris,30
Desert warthog,,Phacochoerus aethiopicus,60
Desman,,Desmanini,20
Desmatosuchinae,,,
Desmatosuchus,,,10
Desmostylia,,,
Desmostylus,,,20
Deuteropoda subclade 1,,,
Deuteropoda subclade 2,,,
Deuteropoda subclade 3,,,
Deuteropoda subclade 4,,,
Deuteropoda subclade 5,,,
Deuteropoda,,,
Deuterosaurus,,,10
Deuterostome,,Deuterostomia,30
Diabloceratops,,,10
Diademodon,,,10
Diandongosuchus,,,10
Diaphanopterodea,"[""Paramegasecoptera ""]",,10
Diapsida,,,
Diarrheneae,,,10
Dibatag,,Ammodorcas clarkei,50
Dibothrosuchus,,,10
Dicondylia,,,
Dicraeosauridae subclade 1,,,
Dicraeosauridae,,,
Dicraeosaurus,,,10
Dicynodon,,,10
Dicynodont subclade 1,,,
Dicynodont subclade 2,,,
Dicynodont,,Dicynodontia,35
Dicynodontoidea subclade 1,,,
Dicynodontoidea subclade 2,,,
Dicynodontoidea,,,
Dicynodontoides,,,10
Didazoon,,,
Diictodon,,,10
Diictodontia,,,
Dik-dik,,Madoqua,60
Dilong,,Dilong paradoxus,10
Dilophosauridae,,,
Dilophosaurus,,,60
Dimetrodon,,,60
Dinilysia,,,20
Dinocephalia,,,
Dinodontosaurus,,,10
Dinogorgon,,,10
Dinomyidae,,,
Dinosaur,,Dinosauria,95
Dinosauriformes,,,
Dinosauromorpha,,,
Dioon,,,50
Dioscoreaceae,,,
Dioscoreales subclade 1,,,
Dioscoreales,,,
Diplodocid subclade 1,,,
Diplodocid,,Diplodocidae,10
Diplodocimorpha,,,
Diplodocinae subclade 1,,,
Diplodocinae,,,
Diplodocus,,,60
Diplomys,,,
Dipnomorpha,,,
Dipodidae,,,
Dipodomyinae,,,
Diprotodon,,,30
Diprotodontia,,,
Diprotodontidae,,,
Diprotodontoidea,,,
Discosorida,,,10
Dissorophidae subclade 1,,,
Dissorophidae,,,
Dissorophoidea,,,
Djadochtatheroidea,,,
Doedicurus,,,10
Dog,,,91
Dolichuranus,,,10
Domestic yak,,,80
Donkey,"[""Ass""]",Equus africanus asinus,80
Dorcopsis,,,30
Dormouse,,Gliridae,60
Dorudon,,,20
Dorudontinae,,,
Doryanthes,,,30
Dracovenator,,,10
Dromaeosauridae subclade 1,,,
Dromaeosauridae subclade 2,,,
Dromaeosauridae,,,
Dromaeosaurinae,,,
Dromaeosaurus,,,10
Dromomeron,,,10
Dromomerycinae,,,
Dromomeryx,,,10
Dryomorpha,,,
Dryosauridae,,,
Dryosaurus,,,20
Dryptosaurus,,Dryptosaurus aquilunguis,10
Dubreuillosaurus,,,10
Dugong,,Dugong dugon,50
Dugongidae,,,
Duiker,,Cephalophinae,60
Duriavenator,,,10
Dvinosauria,,,
Dvinosauroidea,,,
Dvinosaurus,,,10
Dwarf blue sheep,"[""Dwarf bharal""]",Pseudois schaeferi,50
Dwarf crocodile,"[""African dwarf crocodile"", ""broad-snouted crocodile"", ""bony crocodile""]",Osteolaemus,40
Dwarf sperm whale,,Kogia sima,20
Eared seal,,Otariidae,60
Earless monitor lizard,,Lanthanotus borneensis,50
Earless seal,"[""True seal""]",Phocidae,60
East african mole-rat,,Tachyoryctes splendens,50
East caucasian tur,,Capra caucasica cylindricornis,50
Eastern casquehead iguana,,Laemanctus longipes,50
Eastern grey kangaroo,,Macropus giganteus,75
Eastern lowland olingo,,Bassaricyon alleni,30
Ecdysozoa,,,
Echidna,,Tachyglossidae,50
Echimyidae,,,
Echimyinae,,,
Echinoderm,,Echinodermata,40
Echiura,"[""spoon worms""]",,10
Ectypodus,,,10
Edingerella,,,10
Edmontonia,,,10
Edmontosaurini,,,
Edmontosaurus,,,60
Edopoidea,,,
Edops,,,10
Effigia,,,10
Eggysodon,,,10
Ehrharteae,,,10
Einiosaurus,,,10
Ekaltadeta,,,10
Ekorus,,,
Elaphrosaurus,,,10
Elephant shrew,,Macroscelidea,50
Elephantida,,,
Elephantidae subclade 1,,,
Elephantidae subclade 2,,,
Elephantidae,,,
Elginerpeton,,,10
Elginia,,,10
Elmisaurinae subclade 1,,,
Elmisaurinae,,,
Elmisaurus,,,20
Elpistostegalia,,,
Embolomeri subclade 1,,,
Embolomeri subclade 2,,,
Embolomeri subclade 3,,,
Embolomeri,,,
Embolotherium,,,10
Emeraldella,,,10
Emeroleter,,,10
Enaliarctidae,,,
Encephalarteae,,,
Encephalartoideae,,,
Encephalartos,,,50
Endocerida,,,10
Endothiodon,,,10
Ennatosaurus,,,10
Ensete,,,30
Entognatha,,,10
Entoprocta,,,10
Eoabelisaurus,,,10
Eocaecilia,,,10
Eocyclotosaurus,,,10
Eodicynodon,,,10
Eodromaeus,,,
Eogyrinus,,,10
Eoherpeton,,,10
Eohippus,,,10
Eoichthyosauria,,,
Eomys,,,30
Eoraptor,,,
Eosauropterygia subclade 1,,,
Eosauropterygia,,,
Eosimops,,,10
Eosinopteryx,,,10
Eosiren,,,10
Eotetrapodiformes subclade 1,,,
Eotetrapodiformes,,,
Eothyrididae,,,
Eothyris,,,10
Eotitanops,,,10
Eotriceratops,,,10
Epanterias,,,10
Epidendroideae,,,10
Epidexipteryx,,,10
Episquamata,,,
Epistephium,,,30
Equidae,,,
Equinae,,,
Equini,,,
Equoidea,,,
Equus subclade 1,,,
Equus,,,40
Eriaxis,,,30
Ericiolacerta,,,10
Ericiolacertidae,,,
Erinaceidae,,,
Erinaceomorpha,,,
Eriocaulaceae,,,10
Eriodaphne,,,10
Eriphostoma,,,10
Erliansaurus,,,10
Erlikosaurus,,,10
Eryopidae,,,
Eryopiformes,,,
Eryops,,,10
Eryosuchus,,,10
Estemmenosuchidae,,,
Estemmenosuchus,,,10
Euarchonta,,,
Euarchontoglires,"[""Supraprimates""]",,
Eucacopinae subclade 1,,,
Eucacopinae,,,
Euceratherium,"[""shrub-ox""]",Euceratherium collinum,10
Euchambersia,,,10
Eucynodontia,,,
Eudibamus,,,10
Eudicot,,Eudicots,
Eudorcas,,,
Eudromaeosauria subclade 1,,,
Eudromaeosauria subclade 2,,,
Eudromaeosauria,,,
Euhelopodidae,,,
Euhelopus,,,10
Euiguana,,,
Eukaryote,,Eukarya,
Eumaniraptora subclade 1,,,
Eumaniraptora,,,
Eumetabola,,,
Eumetazoa,,,
Eumuroida,,,
Eumysopinae,,,
Eunotosaurus,,,10
Euoplocephalus,,,10
Eupelycosauria,,,
Euphyllophytes,,,
Eupomatia,,,40
Eurasian cave lion,,Panthera leo spelaea,30
Eurasian harvest mouse,,Micromys minutus,50
Eureptilia subclade 1,,,
Eureptilia,,,
Eurhinosaurus,,,10
Eurohippus,,,10
Europasaurus,,,10
European badger,,Meles meles,65
European bison,,,60
European rabbit,"[""common rabbit""]",Oryctolagus,75
European snow vole,,,50
European water vole,,,50
Eurypoda,,,
Eurypterida,,,10
Euryzygoma,,,10
Eusauropoda subclade 1,,,
Eusauropoda subclade 2,,,
Eusauropoda subclade 3,,,
Eusauropoda subclade 4,,,
Eusauropoda subclade 5,,,
Eusauropoda,,,
Eusthenodon,,,10
Eusthenopteron,,,10
Eustreptospondylus,,,10
Eusuchia subclade 1,,,
Eusuchia,,,
Eutemnospondyli,,,
Eutherapsida,,,
Eutheriodontia,,,
Eutherocephalia subclade 1,,,
Eutherocephalia subclade 2,,,
Eutherocephalia subclade 3,,,
Eutherocephalia,,,
Euthycarcinoidea,,,
Eutitanosauria subclade 1,,,
Eutitanosauria subclade 2,,,
Eutitanosauria,,,
Eutracheophytes,,,
Euungulata,,,20
Exaeretodon,,,10
Exafroplacentalia,,,
Excalibosaurus,,,10
Excavata,,,
Falcarius,,,10
False gharial,,Tomistoma,40
False girdled lizard,,Hemicordylus capensis,50
Fedexia,,,10
Felidae,,,
Feliformia,"[""Feloidea""]",,50
Felinae,,,
Felis,,,
Fengzhengia,,,10
Ferae,,,
Fereuungulata,,,
Fern,,Polypodiopsida,60
Ferreira's spiny tree rat,,Mesomys hispidus,50
Ferret-badger,,Melogale,30
Filozoa,,,
Fir,,Abies,60
Firmoss,,Huperziaceae,50
Flagellaria,,,30
Flagellicaudata,,,
Florida mouse,,,50
Flowering plant subclade 1,,,
Flowering plant subclade 2,,,
Flowering plant subclade 3,,,
Flowering plant subclade 4,,,
Flowering plant subclade 5,,,
Flowering plant subclade 6,,,
Flowering plant,,Angiosperms,40
Four-horned antelope,,Tetracerus quadricornis,50
Four-striped grass mouse,,Rhabdomys pumilio,50
Fox,,Vulpini,75
Freshwater crocodile,,,60
Frog,,Anura,85
Fruitadens,,,10
Fruitafossor,,,
Fukuiraptor,,,10
Fungus,,Fungi,70
Futalognkosaurus,,,10
Fuxianhuiida,,,10
Galago,"[""Bushbabies"", ""Bush babies"", ""or Nagapie""]",Galagidae,50
Galbulimima,,,40
Galea,"[""Yellow-toothed cavy""]",,50
Galeaspida,,,
Galechirus,,,10
Galeola,,,30
Galepus,,,10
Galictinae,,,
Galictis,,,20
Gallimimus,,,60
Gargoyleosaurus,,,10
Garlic,,Allium sativum,70
Gasosaurus,,,10
Gasparinisaura,,,10
Gastonia,,,10
Gastropoda,,,10
Gaur,,,50
Gayal,,,50
Gazelle,,Gazella,60
Gecko,,Gekkota,70
Geikia,,,10
Geikiinae,,,
Genasauria,,,
Geomorpha,,,
Geomyoidea,,,
Georgiacetus,,,
Gephyrosaurus,,,10
Gerbil,,Gerbillinae,70
Gerenuk,,Litocranius walleri,50
German garlic,"[""aging chive"", ""broadleaf chives""]",Allium senescens,50
Gerobatrachus,,,10
Gerrhosauridae,,,
Gerrhosaurinae,,,
Gerrhosaurus,,,10
Gharial,,Gavialis gangeticus,50
Giant anteater,,Myrmecophaga,50
Giant beaver,,Castoroides,40
Giant eland,,,50
Giant forest hog,,Hylochoerus meinertzhageni,50
Gibbon,,,60
Giganotosaurini subclade 1,,,
Giganotosaurini,,,
Giganotosaurus,,,50
Gigantoraptor,,,40
Gila monster,,Heloderma suspectum,60
Gilliesieae,,,30
Ginger,,Zingiber,65
Ginkgo,,,60
Giraffatitan,,,50
Giraffe,,Giraffa camelopardalis,80
Giraffidae,,,
Giraffoidea,,,
Glaucophyte,,,
Glires,,,
Globba,,,40
Globidonta,,,
Glyptodon,,,20
Glyptodontidae,,,
Glyptotherium,,,10
Gnathostomata,,,
Goa,"[""Tibetan gazelle""]",Procapra picticaudata,50
Goat,,Capra aegagrus hircus,80
Gobiconodon,,,10
Gobiconodonta subclade 1,,,
Gobiconodonta,,,
Gogonasus,,,10
Golden mole,,Chrysochloridae,30
Gomortega,,,50
Gomphodontia subclade 1,,,
Gomphodontia,,,
Gomphothere,,Gomphotheriidae,10
Goniopholis,,,10
Gopher,"[""Pocket gophers""]",Geomyidae,70
Goral,,"Nemorhaedus, Naemorhedus",50
Gorgonops,,,20
Gorgonopsia subclade 1,,,
Gorgonopsia subclade 2,,,
Gorgonopsia,,,
Gorgonopsidae subclade 1,,,
Gorgonopsidae subclade 2,,,
Gorgonopsidae subclade 3,,,
Gorgonopsidae subclade 4,,,
Gorgonopsidae,,,
Gorgosaurus,,,10
Gorilla,,,80
Goyocephale,,,10
Graciliceratops,,,10
Graciliraptor,,,10
Gracilisuchus,,,20
Graminid clade subclade 1,,,
Graminid clade,,,
Grant's gazelle,,,50
Grass subclade 1,,,
Grass subclade 2,,,
Grass,,Poaceae,80
Grasshopper mouse,,,50
Gray whale,,Eschrichtius,60
Grazing antelope,,Hippotraginae,55
Greater guinea pig,,,50
Greater kudu,,,50
Greererpeton,,,10
Grippia,,,10
Grippidia,,,
Grossius,,,10
Gryposaurus,,,10
Gualicho,,,10
Guanaco,,Lama guanicoe,40
Guanlong,,,10
Guatemalan beaded lizard,,Heloderma charlesbogerti,50
Guinea pig,"[""Cavy"", ""domestic guinea pig"", ""cuy""]",Cavia porcellus,70
Gundi,,Ctenodactylidae,50
Gymnophiona subclade 1,,,
Gymnophiona,,,
Gymnure,"[""hairy hedgehog"", ""moonrat""]",Galericinae,20
Gynerium,,,10
Habanocnus,,,10
Hacrobia,"[""Cryptomonads-haptophytes assemblage""]",,
Hadrosaurid,"[""duck-billed dinosaurs""]",Hadrosauridae,40
Hadrosauriformes,,,
Hadrosauroidea subclade 1,,,
Hadrosauroidea subclade 2,,,
Hadrosauroidea,,,
Hadrosaurus,,,60
Hagfish,,Myxini,30
Hagryphus,,,10
Haikouella,,,
Hairy-tailed bolo mouse,,Necromys lasiurus,50
Halitheriinae,,,
Halitherium,,,10
Hallucicrania subclade 1,,,
Hallucicrania,,,
Hallucigenia,,,10
Hamster,,Cricetinae,75
Hapalops,,,10
Haplocanthosaurus,,,10
Haplocheirus,,,10
Haplorhini,"[""Dry-nosed primates""]",,
Haptodus,,,
Hare,"[""jackrabbits""]",Lepus,70
Harpymimus,,,10
Hartebeest,,Alcelaphus buselaphus,60
Hedgehog,,Erinaceinae,70
Hedyosmum,,,50
Heleosaurus,,,10
Heliconia,"[""lobster-claws"", ""wild plantains"", ""false bird-of-paradise""]",,30
Helmeted iguana,,,50
Helmetia,,,10
Heloderma,,,
Hemichordate,,Hemichordata,
Hemicyclaspis,,,
Hemicyonidae,"[""Hemicyoninae"", ""dog-bear""]",,
Hernandiaceae,,,10
Herpetoskylax,,,10
Herrerasauridae subclade 1,,,
Herrerasauridae,,,
Herrerasaurus,,,20
Hesperocyon,,,10
Hesperonychus,,,10
Hesperosaurus,,,10
Hesperosuchus,,,10
Heterodontosauridae subclade 1,,,
Heterodontosauridae,,,
Heterodontosaurinae,,,
Heterodontosaurus,,,30
Heteromyidae subclade 1,,,
Heteromyidae,,,
Hexapoda,,,
Himalayan tahr,,Hemitragus jemlahicus,50
Hipparion,,,10
Hipparionini,,,
Hippidion,,,10
Hippodraco,,,10
Hippomorpha,,,
Hippopotamidae,,,
Hippopotamus,,H. amphibius,70
Hipposaurus,,,10
Hippotragus subclade 1,,,
Hippotragus,,,
Hirola,,Beatragus hunteri,50
Hispid hare,,Caprolagus,50
Hofmeyria,,,10
Hog badger,,Arctonyx collaris,30
Holmesina,,,10
Holoptychius,,,10
Holotheria,,,
Holothyrida,,,10
Holozoa,,,
Homalocephale,,,10
Hominidae,,,
Hominina subclade 1,,,
Hominina,,,
Homininae,,,
Hominini,,,
Homo antecessor,,,
Homo erectus,,,50
Homo ergaster,,,
Homo floresiensis,"[""\""Flores Man\"""", ""nicknamed \""hobbit\""""]",,20
Homo habilis,,,
Homo rhodesiensis,,,
Homo subclade 1,,,
Homo subclade 2,,,
Homo subclade 3,,,
Homo,,,50
Honanotherium,,,
Honey badger,,Mellivora,65
Horned gopher,,,40
Horned lizard,,,55
Horneophyton,,,10
Horneophytopsida,,,
Hornwort,,Anthocerotophyta,50
Horse,,Equus ferus caballus,90
Horseshoe crab,,Limulidae,60
Houttuynia,"[""fish mint"", ""fish leaf"", ""lizard tail"", ""chameleon plant"", ""heartleaf"", ""fishwort"", ""bishop's weed""]",,50
Hovasaurus,,,10
Huaxiagnathus,,,10
Huayangosaurus,,,10
Hudsonelpidia,,,10
Hueneosauria,,,
Hulitherium,,,10
Human,,Homo sapiens or Homo sapiens sapiens,100
Humpback whale,,Megaptera,60
Hupehsuchia,,,
Hupehsuchus,,,10
Hutia,,Capromyidae,50
Hydnora,,,50
Hydnoroideae,,,
Hydrochoerinae,,,
Hydrochoerus,,,
Hygroryza,,,30
Hylonomus,,,
Hypacrosaurus,,,10
Hyperoartia,,,
Hypohippus,,,10
Hypolagus,,,10
Hypoxidaceae sl subclade 1,,,
Hypoxidaceae sl,,,
Hypoxidaceae,,,10
Hypsilophodon,,,10
Hypsiprymnodontidae,,,
Hypsognathus,,,10
Hyracodon,,,10
Hyracodontidae,,,
Hyrax,,Hyracoidea,50
Hystricognathi,,,
Hystricomorpha,,,
Ichthyolestes,,,10
Ichthyopterygia,,,
Ichthyosaur,,"Ichthyosauria, Ichthyopterygia",50
Ichthyosauromorpha,,,
Ichthyosaurus,,,60
Ichthyostega,,,
Ictidorhinus,,,10
Ictidosuchoides,,,10
Ictonyx,,,20
Idmonarachne,,,10
Iguana,,,60
Iguanacolossus,,,10
Iguania,,,
Iguanodon,,,75
Iguanodontia subclade 1,,,
Iguanodontia subclade 2,,,
Iguanodontia,,,20
Iguanodontidae subclade 1,,,
Iguanodontidae,,,
Iguanoidea,,,
Ilokelesia,,,10
Imagotaria,,,
Impala,,Aepyceros melampus,65
Incense cedar,,,55
Incisivosaurus,,,10
Indohyus,,,
Inioidea,,,
Inostrancevia,,,10
Insect,,Insecta,95
Insectivora subclade 1,,,
Insectivora subclade 2,,,
Insectivora,,Eulipotyphla,60
Iridaceae,,,10
Irritator,,,10
Ischigualastia,,,10
Isisaurus,,,10
Isisfordia,,,10
Isodectes,,,10
Isoetaceae,,,
Isoetales,,,
Isoxyida,,,10
Itasuchus,,,10
Ixalerpeton,,,10
Ixiolirion,,,30
Jaguar,,Panthera onca,60
Jamoytius,,,10
Janjucetus,,,10
Japanese badger,,Meles anakuma,60
Japonolirion,,,40
Jarvikina,,,10
Jellyfish,,Medusozoa,80
Jerboa,,,60
Jiangxisaurus,,,10
Jianshanopodia,,,
Jinfengopteryx,,,10
Jingshanosaurus,,,10
Jobaria,,,10
Joinvillea,,,30
Josephoartigasia,,,50
Jumping bristletails,"[""Microcoryphia""]",Archaeognatha,50
Jumping mouse,,Zapodinae,50
Juncaceae,"[""rush family""]",,10
Juniper,,,60
Juramaia,,,
Juratyrant,,,10
Juravenator,,,10
Kadsura,,,50
Kalobatippus,,,10
Kamacops,,,10
Kangaroo mouse,,Microdipodops,65
Kangaroo rat,,Dipodomys,65
Kannemeyeria,,,10
Kannemeyeriiformes subclade 1,,,
Kannemeyeriiformes subclade 2,,,
Kannemeyeriiformes subclade 3,,,
Kannemeyeriiformes subclade 4,,,
Kannemeyeriiformes subclade 5,,,
Kannemeyeriiformes subclade 6,,,
Kannemeyeriiformes,,,
Kaprosuchus,,,10
Karaurus,,,10
Karenites,,,10
Kayentachelys,,,10
Keeled plated lizard,,Tracheloptychus,50
Kentriodon,,,10
Kentrosaurus,,,10
Keratocephalus,,,10
Kerygmachela,,,10
Keteleeria,,,50
Kiang,"[""ibetan wild ass"", ""khyang"", ""gorkhar""]",Equus kiang,40
Killer whale,,Orcinus,85
Kimberella,,,
Kinkajou,,Potos flavus,40
Kistecephalia subclade 1,,,
Kistecephalia,,,
Klipspringer,,Oreotragus oreotragus,50
Kmeria,,,40
Knob-scaled lizard,,Xenosaurus grandis,50
Koala,,Phascolarctos cinereus,80
Kob,,,50
Kobus,,,
Kodymirus,,,10
Kogiidae,,,
Korean wild chive,,Allium monanthum,50
Korrigum,,Damaliscus lunatus korrigum,50
Kosmoceratops,,,10
Kouprey,,,50
Kri-kri,,Capra aegagrus cretica,50
Kritosaurini,,,
Kritosaurus,,,10
Kuamaia,,,10
Kubanochoerus,,,10
Kuehneosauridae,,,20
Kutchicetus,,,10
Kwanyinaspis,,,10
Kylinxia,,,10
Labidosaurikos,,,10
Labidosaurus,,,10
Lacertibaenia,,,
Lacertidae,"[""Wall lizards"", ""True lizards""]",,10
Lacertoidea,,,
Lactoris,,,50
Lady's slipper orchids,"[""lady slipper orchids"", ""slipper orchids""]",Cypripedioideae,40
Lagerpetidae subclade 1,,,
Lagerpetidae,,,
Lagerpeton,,,10
Lagomorpha,,,
Lagorchestes,,,30
Lama,,,
Lambdotherium,,,10
Lambeosaurinae subclade 1,,,
Lambeosaurinae,,,
Lambeosaurini subclade 1,,,
Lambeosaurini subclade 2,,,
Lambeosaurini subclade 3,,,
Lambeosaurini subclade 4,,,
Lambeosaurini,,,
Lambeosaurus,,,40
Lamini,,,
Lamprey,"[""Lamprey eels""]",Petromyzontiformes,30
Lancelet,,Amphioxiformes,30
Land plant,"[""Embryophyte""]",Embryophyta,95
Lang's crag lizard,,Pseudocordylus langi,50
Lanthanosuchus,,,10
Lanzhousaurus,,,10
Laotian rock rat,,Laonastes,50
Lapillopsis,,,10
Larch,,,55
Large-flowered bay tree,,Persea macrantha,55
Laricoideae,,,
Lariosaurus,,,10
Laurales subclade 1,,,
Laurales subclade 2,,,
Laurales subclade 3,,,
Laurales subclade 4,,,
Laurales subclade 5,,,
Laurales,,,
Laurasiatheria,,,
Laurel,,Lauraceae,55
Lechwe,,,50
Leek,,Allium ampeloprasum,60
Leiolepis,,,10
Lemming,,,65
Lemur,,Lemuroidea,60
Lemuriformes,,,
Lemurosaurus,,,10
Leopard,,Panthera pardus,70
Lepidodendrales,,Lepidodendraceae,
Lepidodendron,,,10
Lepidosauria,,,
Lepidosauromorpha subclade 1,,,
Lepidosauromorpha,,,
Lepidozamia,,,50
Leporidae,,,
Leporinae,,,
Leptocardii,,,
Leptoceratops,,,20
Leptoceratopsidae subclade 1,,,
Leptoceratopsidae subclade 2,,,
Leptoceratopsidae subclade 3,,,
Leptoceratopsidae,,,
Leptomeryx,,,10
Leptonectidae,,,
Leptopleuron,,,10
Leptopleuroninae,,,
Leptosuchomorpha,,,
Lesothosaurus,,,10
Lesser capybara,,Hydrochoerus isthmius,50
Lesser kudu,,,50
Leucocorynae,,,30
Liaoceratops,,,10
Lichtenstein's hartebeest,,Alcelaphus buselaphus lichtensteinii,50
Life,,,100
Liliales,,,10
Liliensternus,,,10
Limusaurus,,,10
Linhenykus,,,10
Linheraptor,,,10
Liolaemidae,,,
Liolaemus,,,50
Lion,,,80
Lipotoidea,,,
Lissamphibia,,,
Litargosuchus,,,20
Liverworts,,Marchantiophyta,50
Livyatan melvillei,,,
Lizard's tail,,,55
Llama,,Lama glama,70
Lobalopex,,,10
Lomandroideae,,,10
Longosuchus,,,10
Lophorhinus,,,10
Lophotrochozoa subclade 1,,,
Lophotrochozoa,,,
Loricata subclade 1,,,
Loricata subclade 2,,,
Loricata subclade 3,,,
Loricata,,,
Loricifera,,,
Loris,,Lorinae,50
Lorisidae,,,
Lorisoidea,,,
Lotosaurus,,,10
Loxomma,,,10
Lufengosaurus,,,10
Lumkuia,,,10
Lungfish,,Dipnoi,50
Luohuilinella,,,10
Luperosuchus,,,10
Lycaenops,,,20
Lycophytina subclade 1,,,
Lycophytina,,,
Lycopodiales,,,
Lycopodiopsida subclade 1,,,
Lycopodiopsida subclade 2,,,
Lycopodiopsida subclade 3,,,
Lycopodiopsida subclade 4,,,
Lycopodiopsida subclade 5,,,
Lycopodiopsida,,,
Lycosuchus,,,10
Lydekkerina,,,10
Lygeum,,,30
Lystrosaurus,,,10
Lythronax,,,10
Machaeroprosopus,,,10
Machairasaurus,,,10
Macrocranion,,,10
Macroleter,,,10
Macronaria subclade 1,,,
Macronaria,,,
Macroneuropteris,,,10
Macropodidae,,,
Macropodiformes,,,
Macropodinae,,,
Macropus subgenus,,,
Macropus,,,
Macrozamia,,,50
Macrozamiinae,,,
Madagascar girdled lizard,,,50
Magnapaulia,,,10
Magnolia vine,,Schisandra,55
Magnolia,,,60
Magnoliaceae,,,
Magnoliales subclade 1,,,
Magnoliales subclade 2,,,
Magnoliales subclade 3,,,
Magnoliales,,,
Magnolieae,,,
Magnoliids,,,
Magnosaurus,,,10
Mahajangasuchidae,,,
Mahajangasuchus,,,20
Mahakala,,,10
Maiacetus,,,10
Maiasaura,,,10
Majungasaurus,,,20
Malabar spiny dormouse,,Platacanthomys lasiurus,50
Malagasy rats and mice,,Nesomyinae,50
Malawisaurus,,,10
Mamenchisaurus,,,10
Mammal,,Mammalia,70
Mammaliaformes,,,
Mammoth,,Mammuthus,60
Manatee,,Trichechidae,60
Mandibulata subclade 1,,,
Mandibulata,,,
Maned rat,"[""Crested rat""]",Lophiomys imhausi,50
Manglietia,,,40
Manidens,,,10
Maniraptora,,,
Maniraptoriformes,,,
Mantellisaurus,,,10
Mapusaurus,,,10
Mara,,Dolichotis,50
Marantaceae,,,10
Marasuchus,,,
Marbled polecat,,Vormela peregusna,40
Marginocephalia,,,
Mariliasuchus,,,10
Markhor,,Capra falconeri,65
Marshosaurus,,,10
Marsupial lion,,Thylacoleo carnifex,40
Marsupial mole,,Notoryctes,40
Marsupial,,Marsupialia,70
Marten,,Martes,50
Martinae,,,
Masiakasaurus,,,10
Massetognathus,,,10
Massopoda,,,
Massospondylidae,,,
Massospondylus,,,10
Mastodon,,Mammut,50
Mastodonsaurus,,,10
Mastomys,,,
Matgrass,,,50
Mayaca,,,30
Mayfly,"[""shadflies"", ""fishflies ""]",Ephemeroptera,50
mazothairos,,,10
Megacerops,,,10
Megacheira,,,10
Megadictyon,,,
Megalonychidae,,,
Megalonychini,,,
Megalonyx,,,10
Megalosauria,,,
Megalosauridae subclade 1,,,
Megalosauridae,,,
Megalosaurinae subclade 1,,,
Megalosaurinae,,,
Megalosauroidea,,,
Megalosaurus,,,20
Megaphylla,,,
Megaraptor,,,30
Megaraptora subclade 1,,,
Megaraptora,,,
Megaraptoridae,,,
megasecoptera,,,10
Megatheriidae,,,
Megatheriina,,,
Megatherium,,,50
Megatylopus,,,10
Megazostrodon,,,10
Mei,,,10
Meiolania,,,10
Meiolaniidae,,,
Mekosuchinae,,,
Melanocrommyum,,,
Melanorosaurus,,,10
Meles,,,
Meliceae,,,10
Melinae,,,
Merostomata,,,
Merriamosauria subclade 1,,,
Merriamosauria subclade 2,,,
Merriamosauria subclade 3,,,
Merriamosauria,,,
Merycoidodontidae,,,
Mesoeucrocodylia,,,
Mesohippus,,,10
Mesomycetozoea,,,
Mesosaur,,,30
Mesostigmata,,,10
Metalignophytes,,,
Metamynodon,,,10
Metasuchia subclade 1,,,
Metasuchia subclade 2,,,
Metasuchia,,,
Metatheria,,,
Metriacanthosauridae,,,
Metriacanthosaurinae,,,
Metriacanthosaurus,,,20
Metridiochoerus,"[""Giant warthog""]",,10
Mexican beaded lizard,,,50
Miacids,,,
Michelia,,,40
Micrairoideae,,,10
Microcavia,"[""Mountain cavies""]",,50
Microcycas,,,50
Microgomphodon,,,10
Micropholis amphibian,,,10
Microraptor,,,50
Microraptoria subclade 1,,,
Microraptoria subclade 2,,,
Microraptoria,,,
Microvenator,,,10
Milleretta,,,10
Millerettidae,,,
Millerosaurus,,,10
Millipede,,Diplopoda,65
Minmi,,,10
Minotaurasaurus,,,10
Misszhouia,,,10
Mixosauria,,,
Mixosaurus,,,10
Moeritherium,,,10
Moghreberia,,,10
Mollusk,"[""Mollusc""]",Mollusca,50
Mongalla gazelle,,Eudorcas albonotata,50
Mongolian gazelle,,Procapra gutturosa,50
Monimiaceae,,,10
Monito del monte,,Dromiciops,40
Monitor lizard,,,60
Monocot subclade 1,,,
Monocot subclade 2,,,
Monocot subclade 3,,,
Monocot subclade 4,,,
Monocot subclade 5,,,
Monocot,"[""Monocotyledons""]",,
Monodontidae,,,
Monolophosaurus,,,20
Monoplacophora,,,10
Monotremata,,,50
Montanoceratops,,,10
Montealtosuchus,,,10
Morelet's crocodile,"[""Mexican crocodile""]",Crocodylus moreletii,50
Morganucodon,,,10
Morganucodontidae,,,
Moropus,,,10
Mosasaur,,Mosasauroidea,60
Moschopina,,,
Moschops,,,10
Moschorhinus,,,10
Moschowhaitsia,,,10
Moss,,Bryophyta,60
Mount elgon vlei rat,,Otomys jacksoni,50
Mountain beaver,"[""Aplodontia"", ""Mountain boomer"", ""Ground bear"", ""Giant mole"", ""Sewellel beaver""]",Aplodontia rufa,60
Mountain degu,,Octodontomys gliroides,50
Mountain goat,"[""Rocky Mountain goat""]",Oreamnos americanus,65
Mountain nyala,,,50
Mountain viscachas,,Lagidium,50
Mouse-like hamster,,Calomyscus,50
Mouse,,,85
Muchocephalus,,,10
Mugger crocodile,,Crocodylus palustris,40
Multituberculata,,,
Muridae,,,
Murinae subclade 1,,,
Murinae subclade 10,,,
Murinae subclade 2,,,
Murinae subclade 3,,,
Murinae subclade 4,,,
Murinae subclade 5,,,
Murinae subclade 6,,,
Murinae subclade 7,,,
Murinae subclade 8,,,
Murinae subclade 9,,,
Murinae,,,
Muroidea,,,
Murusraptor,,,10
Musaceae,,,
Musk deer,,Moschus,50
Muskox,,Ovibos moschatus,70
Muskrat,,Ondatra zibethicus,65
Musky rat-kangaroo,,Hypsiprymnodon moschatus,40
Mustelidae subclade 2,,,
Mustelidae subclade 3,,,
Mustelidae subclade 4,,,
Mustelidae subclade 5,,,
Mustelidae subclade 6,,,
Mustelidae subclade 7,,,
Mustelidae,,,
Mustelinae,,,
Musteloidea subclade 1,,,
Musteloidea subclade 2,,,
Musteloidea,,,
Muttaburrasaurus,,,10
Mycterosaurinae,,,
Mycterosaurus,,,10
Mylodontidae,,,
Mymoorapelta,,,10
Myodini,,,
Myomorpha,,,
Myosaurus,,,10
Myriapod,,,
Myristicaceae,"[""Nutmeg family""]",,10
Myrmecophagidae,,,
Mystriosuchus,,,10
Naemorhedini,,,
Naked mole-rat,"[""sand puppy"", ""desert mole rat""]",Heterocephalus glaber,60
Namaqua rock rat,,Aethomys namaquensis,50
Nanger subclade 1,,,
Nanger,,,
Nankangia,,,10
Nanshiungosaurus,,,10
Naraoia,,,10
Nartheciaceae,,,10
Narwhal,,Monodon,65
Natal multimammate mouse,,Mastomys natalensis,50
Nautilaceae,,,
Nautilitoidea,,,
Nautiloid,,Nautiloidea,
Nautilus,,Nautilidae,55
Neanderthal,"[""Neandertals""]",,60
Necrolemur,,,10
Necrolestes,,,
Neimongosaurus,,,10
Nektaspida subclade 1,,,
Nektaspida subclade 2,,,
Nektaspida,,,
Neldasaurus,,,10
Nematoida,,,10
Nemegtbaatar,,,10
Nemegtomaia,,,20
Nemertea,"[""ribbon worms"", ""proboscis worms""]",,10
Neoaetosauroides,,,10
Neoanguimorpha subclade 1,,,
Neoanguimorpha,,,
Neoceratopsia subclade 1,,,
Neoceratopsia subclade 2,,,
Neoceratopsia,,,
Neoceratosauria,,,
Neocnus,,,10
Neocoleoidea,,,
Neodiapsida,,,
Neofelis,,,
Neohipparion,,,10
Neoichthyosauria subclade 1,,,
Neoichthyosauria,,,
Neoptera,,,
Neornithischia subclade 1,,,
Neornithischia subclade 2,,,
Neornithischia,,,
Neosauropoda,,,
Neosuchia subclade 1,,,
Neosuchia,,,
Neotherapsida,,,
Neotheropoda subclade 1,,,
Neotheropoda subclade 2,,,
Neotheropoda subclade 3,,,
Neotheropoda,,,
Neotominae,,,
Neotragini,,,
Neovenator,,,10
Neovenatoridae subclade 1,,,
Neovenatoridae subclade 2,,,
Neovenatoridae subclade 3,,,
Neovenatoridae,,,
Nesomyidae,,,
Nesophontes,,,10
New caledonia yew,"[""Southern Yew""]",Austrotaxus,50
New guinea crocodile,,Crocodylus novaeguineae,40
New world harvest mouse,,Reithrodontomys,50
New world mole,,Scalopinae,60
New world monkey,,Platyrrhini,50
New world porcupine,,Erethizontidae,70
Nigerpeton,,,10
Nigersaurus,,,10
Night lizard,,,50
Nile crocodile,,Crocodylus niloticus,60
Nile lechwe,,,50
Nilgai,,Boselaphus tragocamelus,50
Nilgiri tahr,"[""Nilgiri ibex""]",Nilgiritragus hylocrius,50
Nimbadon,,,10
Ninjemys,,,10
Niolamia,,,10
Niviventer,,,
Noasauridae,,,
Noasaurus,,,20
Nodosauridae subclade 1,,,
Nodosauridae subclade 2,,,
Nodosauridae subclade 3,,,
Nodosauridae,,,
Nolinoideae,,,10
Nomingia,,,10
Northern luzon giant cloud rat,,,50
Northern mole vole,,Ellobius talpinus,50
Northern olingo,,Bassaricyon gabbii,30
Notamacropus,,,
Nothia,,,10
Nothosauria,,,
Nothosaurus,,,10
Nothronychus,,,10
Nothrotheriidae,,,
Nothrotheriops,,,10
Notosuchia subclade 1,,,
Notosuchia subclade 2,,,
Notosuchia subclade 3,,,
Notosuchia,,,
Notosuchidae subclade 1,,,
Notosuchidae subclade 2,,,
Notosuchidae subclade 3,,,
Notosuchidae,,,
Notosuchus,,,20
Nototherium,,,10
Nqwebasaurus,,,10
Nubian ibex,,Capra nubiana,50
Nuclearia,,,10
Nucleariid,,Nucleariida,
Nuralagus,,,10
Nutmeg yew,,Torreya,50
Nyala,,,50
Nycteroleter,,,10
Nycteroleteridae subclade 1,,,
Nycteroleteridae,,,
Nyctiphruretus,,,10
Nymphaeales,,,
Oceanic dolphin,,Delphinidae,80
Ocepeia,,,10
Octodontidae,,,
Octodontoidea,,,
Octopodiformes,,,
Octopus,,Octopoda,75
Odd-toed ungulate,,Perissodactyla,30
Odobenidae,,,
Odobenocetops,,,10
Odonatoptera,,,
Odontochelys,,,10
Oedaleops,,,10
Ojoceratops,,,10
Okapi,,Okapia johnstoni,50
Old world monkey,,Cercopithecoidea,50
Old world porcupine,,Hystricidae,70
Olfactores,,,
Oligokyphus,,,10
Olinguito,,Bassaricyon neblina,50
Olorotitan,,,10
Olsoniformes,,,
Omomyidae,,,
Onchiodon,,,10
Oncocerida,,,10
Onion,,Allium cepa,80
Onohippidium,,,10
Onychodontidae subclade 1,,,
Onychodontidae,,,
Onychodus,,,10
Onychophora,"[""velvet worms""]",,10
Opabinia,,,10
Ophidia,,,
Ophthalmosauridae,,,
Ophthalmosaurinae,,,30
Ophthalmosaurus,,,10
Opiliones,"[""harvestmen"", ""harvesters"", ""daddy longlegs""]",,50
Opisthocoelicaudia,,,10
Opisthocoelicaudiinae,,,
Opisthokonta subclade 1,,,
Opisthokonta,,,
Opluridae,,,
Oplurus,,,10
Opossum,,Didelphimorphia,70
Orangutan,,Pongo,70
Orchid subclade 1,,,
Orchid subclade 2,,,
Orchid subclade 3,,,
Orchid,,Orchidaceae,60
Orchidantha,,,30
Orchidoideae,,,10
Oribi,,Ourebia ourebi,50
Orinoco crocodile,,Crocodylus intermedius,40
Orionides,,,
Orkoraptor,,,10
Ornithischia subclade 1,,,
Ornithischia,,,40
Ornitholestes,,,
Ornithomimidae subclade 1,,,
Ornithomimidae subclade 2,,,
Ornithomimidae,,,
Ornithomimosauria subclade 1,,,
Ornithomimosauria subclade 2,,,
Ornithomimosauria subclade 3,,,
Ornithomimosauria subclade 4,,,
Ornithomimosauria,,,
Ornithomimus,,,30
Ornithopod subclade 1,,,
Ornithopod subclade 2,,,
Ornithopod,,Ornithopoda,30
Ornithosuchidae,,,
Ornithosuchus,,,20
Orodromeus,,,10
Orthoceratoidea,,,
Oryx,,,60
Oryza australiensis,,,30
Oryza rufipogon,"[""brownbeard rice"", ""wild rice"", ""red rice""]",,30
Oryza,,,
Oryzeae,,,
Oryzinae,,,
Oryzoideae,,,
Oryzomyalia,,,
Osphranter,,,
Ossinodus,,,10
Osteolaeminae,,,
Osteostraci,,,
Othnielosaurus,,,10
Otomys,,,
Otsheria,,,10
Otter,,Lutrinae,70
Oudenodon,,,10
Oudenodontidae,,,
Ouranosaurus,,,10
Ovatiovermis,,,10
Ovibovini,,,
Oviraptor,,,50
Oviraptoridae subclade 1,,,
Oviraptoridae subclade 2,,,
Oviraptoridae subclade 3,,,
Oviraptoridae subclade 4,,,
Oviraptoridae,,,
Oviraptorosauria subclade 1,,,
Oviraptorosauria subclade 2,,,
Oviraptorosauria,,,
Ovis,,,
Owenetta,,,10
Paca,,Cuniculus,60
Pacarana,,Dinomys branickii,50
Pachycephalosauria subclade 1,,,
Pachycephalosauria subclade 2,,,
Pachycephalosauria subclade 3,,,
Pachycephalosauria,,,
Pachycephalosaurus,,,50
Pachygenelus,,,10
Pachypleurosaur,,,10
Pachyrhinosaurini subclade 1,,,
Pachyrhinosaurini,,,
Pachyrhinosaurus,,,20
Pachyrostra,,,
Pack rat,"[""Packrat"", ""Woodrat""]",Neotoma,65
Pacmad clade subclade 1,,,
Pacmad clade subclade 2,,,
Pacmad clade subclade 3,,,
Pacmad clade subclade 4,,,
Pacmad clade,,,
Paenungulata,,,
Painted big-eared mouse,,Auliscomys pictus,50
Pakasuchus,,,10
Pakicetidae,,,
Pakicetus,,,30
Palaeoanguimorpha,,,
Palaeocastor,,,10
palaeodictyopteroidea,,,
Palaeohatteria,,,10
Palaeolagus,,,10
Palaeomastodon,,,10
Palaeomerycidae,,,
Palaeopleurosaurus,,,10
Palaeoptera,,,
Palaeotherium,,,10
Paleoparadoxia,,,10
Paleothyris,,,10
Palm tree,,Arecaceae,70
Palorchestes,,,20
Pambdelurion,,,10
Pamparaptor,,,10
Panarthropoda,,,
Pancrustacea,,,
Pandanales,,,10
Panderichthys,,Panderichthyidae,
Pangolin,,Pholidota,30
Paniceae,,,10
Panicoideae subclade 1,,,
Panicoideae subclade 2,,,
Panicoideae subclade 3,,,
Panicoideae,,,
Panochthus,,,10
Pantelosaurus,,,10
Pantestudines subclade 1,,,
Pantestudines subclade 2,,,
Pantestudines subclade 3,,,
Pantestudines,,,
Pantetrapulmonata,,,
Panthera subclade 1,,,
Panthera subclade 2,,,
Panthera subclade 3,,,
Panthera subclade 4,,,
Panthera subclade 5,,,
Panthera zdanskyi,,,20
Panthera,,,
Pantherinae,,,
Pantydraco,,,10
Pappochelys,,,10
Papyrus sedge,"[""paper reed"", ""Indian matting plant"", ""Nile grass""]",Cyperus papyrus,55
Parabradysaurus,,,10
Paraburnetia,,,10
Paracamelus,,,10
Paraceratherium,,,40
Paracrocodylomorpha,,,
Paracyclotosaurus,,,10
Parahippus,,,10
Parakannemeyeria,,,10
Paranthropus,,,
Paraplacodus,,,10
Parareptilia,,,20
Pararhabdodon,,,10
Parasaurolophini,,,
Parasaurolophus,,,60
Parasitiformes,,,
Parasuchus,,,10
Paratypothorax,,,10
Paraves,,,
Parazoa,,,
Pareiasaur subclade 1,,,
Pareiasaur subclade 2,,,
Pareiasaur,,Pareiasauridae,30
Pareiasauromorpha,,,
Pareiasaurus,,,20
Parksosaurus,,,10
Parma wallaby,,Macropus parma,40
Parotosuchus,,,10
Parvicursorinae subclade 1,,,
Parvicursorinae,,,
Parvinatator,,,10
Parvipelvia,,,
Paspaleae,,,10
Patagonia,,,10
Patagonykus,,,10
Patagosaurus,,,10
Patranomodon,,,10
Paucipodia,,,10
Pauropoda,,,10
Peccary,"[""javelina"", ""skunk pig""]",Tayassuidae,50
Pecora,,,
Pederpes,,,10
Pedipalpi,,,
Pegomastax,,,10
Peirosauridae,,,
Pelecanimimus,,,10
Pelorovis,,,10
Peltobatrachus,,,10
Pentaceratops,,,10
Peperomia,"[""Radiator plant""]",,50
Pepper plant,"[""pepper vine""]",Piper,70
Peramelemorphia,,,
Perodicticinae,,,
Perplexisaurus,,,10
Persea,,,
Persian onager,,Equus hemionus onager,50
Pertica,,,10
Petrolacosaurus,,,10
Phacochoerini,,,
Phacochoerus,"[""Warthog""]",,
Phaenospermateae,,,10
Phalarodon,,,10
Phalarodontinae,,,
Pharoideae,,,30
Philippine crocodile,,,50
Phiomia,,,10
Phiomorpha,,,
Phloeomys,,,
Pholiderpeton,,,10
Pholidocercus,,,10
Pholidogaster,,,10
Phonerpeton,,,10
Phoronid,"[""horseshoe worms""]",Phoronida,10
Phrynosomatidae subclade 1,,,
Phrynosomatidae subclade 2,,,
Phrynosomatidae subclade 3,,,
Phrynosomatidae subclade 4,,,
Phrynosomatidae,,,
Phthinosuchus,,,10
Phyllotini,,,
Phyllotis,,,
Phymaturus,,,50
Physeteridae,,,
Physeteroidea,,,
Physignathus,,,
Phytophilaspis,,,10
Phytosaur subclade 1,,,
Phytosaur,,,
Phytosauridae subclade 1,,,
Phytosauridae,,,
Piatnitzkysauridae subclade 1,,,
Piatnitzkysauridae,,,
Piatnitzkysaurus,,,20
Pierolapithecus,,,10
Pig,,,85
Pika,,Ochotona,50
Pikaia,,,10
Pilosa,,,
Pilot whale,,Globicephala,50
Pinaceae,,,
Pine,,,70
Pineapple,,Ananas comosus,75
Pink lily leek,,Allium oreophilum,50
Pinniped subclade 1,,,
Pinniped,"[""often generalized as seals""]",Pinnipedia,
Pinnipedimorpha,,,
Piperaceae,,,
Piperales subclade 1,,,
Piperales,,,
Pisanosaurus,,,
Pistosauria subclade 1,,,
Pistosauria,,,
Pistosaurus,,,10
Pitcairnioideae,,,10
Pituriaspida,,,10
Piveteausaurus,,,10
Placentalia,"[""Eutheria""]",,
Placerias,,,10
Placeriinae subclade 1,,,
Placeriinae,,,
Placodermi,,,
Placodontia subclade 1,,,
Placodontia,,,
Placodus,,,10
Plains viscacha rat,"[""Red vizcacha rat""]",Tympanoctomys barrerae,50
Plains viscacha,,,50
Platanistoidea,,,
Plateosauria,,,
Plateosauridae,,,
Plateosaurus,,,10
Platycephalichthys,,,10
Platyhystrix,,,30
Platypoda,,,
Platypterygiinae subclade 1,,,
Platypterygiinae,,,
Platypterygius,,,10
Platypus,,Ornithorhynchus,70
Platysaurus,"[""Flat lizards""]",,10
Plectronoceratoidea,,,
Plesiadapiformes,,,
Plesiadapis,,,10
Plesiosaurs,,Plesiosauria,50
Plesiosiro,,,10
Pleuromeia,,,10
Pleurosauridae,,,
Pleurosaurus,,,10
Plum yew,"[""cowtail pine""]",Cephalotaxus,50
Poales subclade 1,,,
Poales subclade 2,,,
Poales subclade 3,,,
Poales,,,
Pocket mice,,Perognathinae,50
Podocarpaceae,,,10
Poeae,,,10
Poebrotherium,,,10
Poephagus,,,
Pogonieae,,,10
Polacanthinae subclade 1,,,
Polacanthinae,,,
Polacanthus,,,10
Polonosuchus,,,10
Polydactylous,,,10
Polyneoptera,,,
Polysporangiophyte subclade 1,,,
Polysporangiophyte,,,
Pooideae subclade 1,,,
Pooideae subclade 2,,,
Pooideae subclade 3,,,
Pooideae subclade 4,,,
Pooideae subclade 5,,,
Pooideae subclade 6,,,
Pooideae subclade 7,,,
Pooideae,,,
Poposauroidea subclade 1,,,
Poposauroidea subclade 2,,,
Poposauroidea,,,
Poposaurus,,,30
Porolepiformes,,,
Porpoise,,Phocoenidae,60
Possum,,Phalangeriformes,60
Postosuchus,,,30
Potamochoerini,,,
Potamochoerus,,,
Potamophila,,,30
Potamotherium,,,
Potoroidae,,,
Potoroo,,Potorous,30
Potto,,Perodicticus potto,50
Pouched rat,,Cricetomyinae,50
Prenocephale,,,10
Prenoceratops,,,10
Prestosuchus,,,20
Primate,,,50
Primatomorpha,,,
Pristerodon,,,10
Pristerognathus,,,10
Pristidactylus,,,50
Probactrosaurus,,,10
Probainognathia,,,
Proboscidea subclade 1,,,
Proboscidea,,,
Proburnetia,,,10
Procamelus,,,10
Procapra,,,
Proceratosauridae subclade 1,,,
Proceratosauridae,,,
Proceratosaurus,,,10
Procolophon,,,10
Procolophonia subclade 1,,,
Procolophonia,,,
Procolophonidae,,,
Procolophonoidea,,,
Proconsul,,,
Procoptodon,,,10
Procranioceras,,,10
Procyon,,,
Procyonidae subclade 1,,,
Procyonidae subclade 2,,,
Procyonidae subclade 3,,,
Procyonidae,,,
Proganochelys,,,10
Prolacerta,,,20
Promegatherium,,,10
Pronghorn,,Antilocapra americana,50
Propleopinae,,,
Propleopus,,,10
Prorastomus,,,10
Prosaurolophus,,,10
Prosopanche,,,50
Protarchaeopteryx,,,10
Protemnodon,,,10
Proterogyrinus,,,10
Proterosuchus,,,
Prothylacynus,,,10
Protitanops,,,10
Protoceratops,,,30
Protoceratopsid,,Protoceratopsidae,
Protocetidae,,,
Protocetinae,,,
Protocetus,,,10
Protome,,,10
Protorohippus,,,10
Protostomia,,,40
Protosuchus,,,10
Prozostrodontia,,,
Przewalski's gazelle,,,50
Przewalski's horse,"[""Dzungarian horse""]",,50
Psephoderma,,,10
Pseudaelurus,,,10
Pseudocordylus,,,
Pseudois,,,
Pseudolarix,"[""golden larch""]",,50
Pseudoscorpion,"[""false scorpion"", ""book scorpion""]",Pseudoscorpiones,50
Pseudosuchia,,,
Pseudotsuga,,,50
Pseudovanilla,,,30
Psilophyton,,,10
Pteraspidomorphi,,,
Pterosaur,,Pterosauria,60
pterygota,,,
Puelia,,,30
Puijila,,,
Puku,,,50
Pumiliopareia,,,10
Pygmy hippopotamus,,Choeropsis,50
Pygmy hog,,,50
Pygmy rabbit,,Brachylagus,50
Pygmy right whale,,Caperea,50
Pygmy sperm whale,,Kogia breviceps,20
Pylaecephalidae subclade 1,,,
Pylaecephalidae,,,
Pyramios,,,10
Pyrenean chamois,,Rupicapra pyrenaica,50
Pyroraptor,,,
Qianosuchus,,,10
Qiaowanlong,,,10
Quillwort,,Isoetes,50
Quinkana,,,10
Rabidosaurus,,,10
Raccoon dog,,Nyctereutes procyonoides,50
Raccoon,,Procyon lotor,70
Radiata,,,
Radiatopses,,,
Radiodonta,,,
Rahonavis,,,10
Rajasaurus,,,10
Ramoceros,,,10
Rapateaceae,,,10
Rapetosaurus,,,10
Raphicerus,,,
Raptorex,,Raptorex kriegsteini,10
Rat,,Rattus,85
Rauisuchidae,,,
Ravenala,,,30
Ray-finned fish,,Actinopterygii,50
Rebbachisauridae,,,
Rebbachisaurinae subclade 1,,,10
Rebbachisaurinae,,,
Rebbachisaurus,,,20
Red algae,,Rhodophyta,30
Red hartebeest,,Alcelaphus buselaphus caama,50
Red kangaroo,,Macropus rufus,80
Red panda,,Ailurus,60
Red river hog,,Potamochoerus porcus,50
Red spiny rat,,,50
Red-backed vole,,Myodes,50
Red-crested tree rat,,Santamartamys rufodorsalis,50
Red-fronted gazelle,,Eudorcas rufifrons,50
Red-necked wallaby,,Macropus rufogriseus,40
Reduncinae,,,
Redwood,,Sequoioideae,65
Reedbuck,,Redunca,50
Regisaurus,,,10
Reithrodontomyini,,,
Remingtonocetidae,,,10
Remingtonocetus,,,10
Repenomamus,,,10
Reptiliomorpha,,,
Restiid clade,,,
Restionaceae,,,10
Retifacies,,,10
Revueltosaurus,,,10
Rhabdodon,,,10
Rhabdodontidae,,,
Rhabdomys dilectus,,,50
Rhabdomys,,,
Rhachitomi subclade 1,,,
Rhachitomi subclade 2,,,
Rhachitomi,,,
Rhampholeon,,,10
Rhineceps,,,10
Rhinesuchidae,,,
Rhinesuchus,,,10
Rhinoceros,,Rhinocerotidae,80
Rhinocerotoidea subclade 1,,,
Rhinocerotoidea,,,
Rhipaeosaurus,,,10
Rhipidistia,,,
Rhipidomys,,,
Rhizomyinae,,,
Rhynchocephalia,,,
Rhynia,,,10
Rice rat,,Oryzomyini,50
Ricinulei,"[""hooded tickspiders""]",,10
Right whale,,Eubalaena,30
Rinchenia,,,10
Rinconsaurus,,,10
Ring-tailed cat,,Bassariscus astutus,40
Riojasuchus,,,10
Roan antelope,,Hippotragus equinus,50
Robertia,,,10
Rock cavy,"[""moc\u00c3\u00b3""]",Kerodon rupestris,50
Rodent subclade 1,,,
Rodent subclade 2,,,
Rodent,,Rodentia,70
Rodhocetus,,,20
Romeriida,,,
Rorqual,,Balaenopteridae,
Round-tailed muskrat,,Neofiber alleni,50
Royal antelope,,Neotragus pygmaeus,50
Rubeosaurus,,,10
Rubidgea,,,20
Rubidgeinae subclade 1,,,
Rubidgeinae subclade 2,,,
Rubidgeinae,,,
Rubidgeini subclade 1,,,
Rubidgeini,,,
Rubricacaecilia,,,10
Rudd's mouse,,Uranomys ruddi,50
Rufous rat-kangaroo,,Aepyprymnus rufescens,30
Rufous soft-furred spiny rat,,Diplomys labilis,50
Rugops,,,10
Ruminantia,,,
Rupicapra,,,
Rutiodon,,,10
Rye,,,60
Sable antelope,,Hippotragus niger,50
Sahelanthropus tchadensis,,,
Saiga antelope,,Saiga tatarica,50
Saigini,,,
Salamander,,Urodela,60
Salientia,,,
Salopella,,,10
Saltasaurinae,,,10
Saltasaurus,,,10
Saltwater crocodile,"[""estuarine crocodile"", ""Indo-Pacific crocodile"", ""marine crocodile"", ""sea crocodile"", ""saltie""]",Crocodylus porosus,60
Samotherium,,,10
Sand lizard,,,50
Saola,,Pseudoryx nghetinhensis,50
Saperion,,,10
Sar supergroup,,,
Sarcandra,,,50
Sarcopterygii,,,
Sardinian pika,,Prolagus sardus,30
Saruma,,,50
Sassafras,,,55
Saturnalia,,,10
Sauria,,,
Saurischia,,,40
Saurolophidae,"[""Euhadrosauria""]",,
Saurolophinae subclade 1,,,
Saurolophinae subclade 2,,,
Saurolophinae,,,
Saurolophini,,,
Saurolophus,,,20
Sauropelta,,,10
Saurophaganax,,,10
Sauropodiformes subclade 1,,,
Sauropodiformes subclade 2,,,
Sauropodiformes,,,
Sauropodomorpha subclade 1,,,
Sauropodomorpha subclade 2,,,
Sauropodomorpha,,,
Sauropods subclade 1,,,
Sauropods,,Sauropoda,50
Sauropsida,,,
Sauropterygia,,,
Saurornitholestes,,,20
Saurornitholestinae,,,
Saurosuchus,,,10
Saururaceae,,,
Scalidophora,,,
Scaloposaurus,,,10
Scansoriopterygidae,,,
Scansoriopteryx,"[""Epidendrosaurus""]",,10
Scelidosaurus,,,10
Schisandraceae,,,
Schizomida,"[""shorttailed whipscorpion""]",,10
Schizotarsata,,,
Sciadopitys,"[""Japanese umbrella-pine""]",,50
Scilloideae,,,10
Scinciformata,,,
Scipionyx,,,10
Sciuromorpha,,,
Sclerocephalus,,,10
Scleromochlus,,Scleromochlidae,
Sclerosaurus,,,10
Scorpion,,Scorpiones,50
Scrotifera,,,
Scutellosaurus,,,10
Scutosaurus,,,20
Scylacosauria,,,
Scylacosauridae,,,10
Scylacosaurus,,,10
Scylacosuchus,,,10
Secodontosaurus,,,30
Sedge,,Cyperaceae,30
Seed plants subclade 1,,,
Seed plants,,Spermatophyte,40
Segnosaurus,,,10
Seitaad,,,10
Serikodiastida subclade 1,,,
Serikodiastida,,,
Serow,,Capricornis,50
Shantungosaurus,,,10
Shaochilong,,,10
Sharpe's grysbok,,Raphicerus sharpei,50
Shastasaurus,,,10
Sheep,,Ovis aries,90
Shenzhousaurus,,,10
Shonisaurus,,,10
Short-legged seps,,Tetradactylus seps,50
Shrew opossum,,Paucituberculata,50
Shrew-like mole,,Uropsilinae,20
Shrew,,Soricidae,60
Shrewlike rat,,Rhynchomys,50
Shunosaurus,,,10
Shuvosauridae,,,
Shuvosaurus,,,20
Shuvuuia,,,10
Siamese crocodile,,Crocodylus siamensis,50
Siamosaurus,,,10
Siberian carpet cypress,"[""Russian arbor-vitae""]",Microbiota decussata,55
Siberian ibex,,Capra sibirica,50
Siberion,,,10
Siboglinidae,"[""beard worms""]",,10
Sichuanosuchus,,,10
Side-blotched lizard,,Uta,50
Sidneyia,,,10
Sifrhippus,,,10
Sigillaria,,,10
Sigmodontalia,,,
Sigmodontinae,,,
Silky anteater,"[""Pygmy anteater""]",Cyclopedidae,30
Silphedosuchus,,,10
Simian,,"Simiiformes, Anthropoidea",50
Simosthenurus,,,10
Simosuchus,,,20
Sinoburius,,,10
Sinocalliopteryx,,,10
Sinoceratops,,,10
Sinokannemeyeria,,,10
Sinophoneus,,,10
Sinornithoides,,,10
Sinornithomimus,,,10
Sinornithosaurus,,,10
Sinosauropteryx,,,10
Sinosaurus,,,20
Sinraptor,,,10
Siparuna,,,30
Sipuncula,"[""sipunculid worms"", ""peanut worms""]",,10
Sirenia subclade 1,,,
Sirenia,,,
Sitatunga,,,50
Sivatherium,,,10
Skink,,Scincidae,60
Skunk,"[""Polecat""]",Mephitidae,70
Slender-snouted crocodile,,Mecistops,40
Sloggett's vlei rat,"[""Ice rat""]",Otomys sloggetti,50
Sloth,,Folivora,70
Smaug,,,10
Smilesaurus,,,10
Smilosuchus,,,10
Snake,,Serpentes,90
Snow leopard,,Uncia,60
Snow sheep,,Ovis nivicola,50
Soemmerring's gazelle,,Nanger soemmerringii,50
Solenodon,,,30
Solenogastres,,,10
Solifugae,"[""camel spiders"", ""wind scorpions"", ""sun spiders"", ""solifuges""]",,10
Somali wild ass,,Equus africanus somaliensis,50
Somphospondyli,,,
Sonorasaurus,,,10
Soomaspis,,,10
South american coati,"[""Ring-tailed coati""]",Nasua nasua,30
South asian river dolphin,,Platanista gangetica,20
Southern african vlei rat,,Otomys irroratus,50
Southern giant slender-tailed cloud rat,,Phloeomys cumingi,50
Southern multimammate mouse,,Mastomys coucha,50
Southern sassafras,,,50
Southwestern water vole,,,50
Spalacidae,,,
Spanish ibex,,,50
Sparassodonta,,,
Spectacled lizards,"[""Microteiids""]",Gymnophthalmidae,10
Sperm whale,"[""Cachalot""]",Physeter macrocephalus,65
Sphenacodon,,,10
Sphenacodontia subclade 1,,,
Sphenacodontia,,,
Sphenacodontidae,,,
Sphenacodontinae subclade 1,,,
Sphenacodontinae subclade 2,,,
Sphenacodontinae,,,10
Sphenacodontoidea,,,
Sphenocoelus,,,10
Sphenodontia,,,
Spider,,Araneae,80
Spikemoss,,Selaginella,50
Spinoaequalis,,,10
Spinolestes,,,10
Spinophorosaurus,,,10
Spinops,,,10
Spinosauridae,,,
Spinosaurinae,,,
Spinosaurus,,,60
Spiny lizard,,,50
Spiny mouse,,Acomys,50
Spiny pocket mice,,Heteromys,50
Spirula,"[""ram's horn squid""]",,40
Springbok,,Antidorcas marsupialis,60
Spruce,,,60
Squalodon,,,10
Squamacula,,,10
Squamata,,,
Squid,,Teuthida,70
Stagonolepis,,,10
Stahleckeria,,,30
Stahleckeriidae,,,
Stahleckeriinae,,,
Stangeria,,,50
Stangeriaceae,,,
Star anise,,,55
Staurikosaurus,,,10
Steenbok,,Raphicerus campestris,50
Stegocephalia subclade 1,,,
Stegocephalia subclade 2,,,
Stegocephalia subclade 3,,,
Stegocephalia subclade 4,,,
Stegocephalia subclade 5,,,
Stegocephalia subclade 6,,,
Stegocephalia subclade 7,,,
Stegocephalia subclade 8,,,
Stegocephalia,,,
Stegodon,,,10
Stegosauria subclade 1,,,
Stegosauria subclade 2,,,
Stegosauria subclade 3,,,
Stegosauria,,,
Stegosauridae,,,
Stegosaurus,,,80
Stellers sea cow,,Hydrodamalis gigas,30
Stenocercus,,,50
Stenopterygius,,,30
Steppe lemming,"[""Steppe vole""]",Lagurus lagurus,50
Steppesaurus,,,10
Stereospondyli subclade 1,,,
Stereospondyli subclade 2,,,
Stereospondyli subclade 3,,,
Stereospondyli,,,
Stereospondylomorpha subclade 1,,,
Stereospondylomorpha subclade 2,,,
Stereospondylomorpha,,,
Steropodontidae,,,
Sthenurinae,,,
Sthenurus,,,10
Stipeae,,,10
Stomatophytes subclade 1,,,
Stomatophytes,,,
Stormbergia,,,10
Stratiotosuchus,,,10
Strelitziaceae,,,
Strelitziineae,,,
Strepsicerotini subclade 1,,,
Strepsicerotini subclade 2,,,
Strepsicerotini subclade 3,,,
Strepsicerotini subclade 4,,,
Strepsicerotini subclade 5,,,
Strepsicerotini subclade 6,,,
Strepsicerotini,,,
Strepsirrhini,,,
Streptophytina,"[""Streptophyta""]",,
Streptospondylus,,,10
Strunius,,,10
Struthiocephalus,,,10
Struthiomimus,,,10
Styracocephalus,,,10
Styracosaurus,,,10
Styracosterna subclade 1,,,10
Styracosterna subclade 2,,,
Styracosterna,,,
Suchia subclade 1,,,
Suchia subclade 2,,,
Suchia,,,20
Suchomimus,,,10
Sudamericidae,,,
Sugarcane,"[""Sugar cane""]",Saccharum,65
Suidae,,,
Suina,"[""Suiformes""]",,
Suinae,,,
Sumatran striped rabbit,,Nesolagus netscheri,50
Suminia,,,10
Sunnyodon,,,10
Suzhousaurus,,,10
Sycosaurus,,,10
Symphyla,"[""Garden centipedes"", ""Pseudocentipedes""]",,50
Synapsida,,,
Syodon,,,10
Syodontinae,,,
Tacca,,,10
Tachyoryctes,,,
Tactopoda,,,
Taeniolabis,,,10
Taiwania,,,50
Takin,,Budorcas taxicolor,50
Talpidae,,,
Talpinae,,,
Talpini,"[""Old World Mole""]",,30
Tamandua,,,30
Tamaraw,,Bubalus mindorensis,50
Tambachia,,,10
Tammar wallaby,,,40
Tapinocaninus,,,10
Tapinocephalia,,,
Tapinocephalidae,,,
Tapinocephalina,,,
Tapinocephalinae,,,
Tapinocephalini,,,
Tapinocephalus,,,10
Tapir,,Tapirus,60
Tapiromorpha,,,
Tarbosaurus,,,10
Tardigrade,"[""Waterbear"", ""Moss piglet""]",,55
Tariccoia,,,10
Tarpan,,Equus ferus ferus,40
Tarphycerida,,,
Tarsier,,,30
Tarsiiformes,,,
Tawa,,,10
Taxaceae,,,
Taxidiinae,,,
Taxodioideae,,,10
Tayra,,Eira barbara,20
Tecophilaeaceae,,,10
Tegopelte,,,10
Tehuelchesaurus,,,10
Teiformata,,,
Teiidae,"[""Whiptails"", ""Racerunners""]",,10
Teleostomi,,,
Telmatosaurus,,,10
Temnodontosaurus,,,20
Tenontosaurus,,,10
Tenrec,,Tenrecidae,30
Teratophoneus,,,10
Teratosaurus,,,10
Terraiguana subclade 1,,,
Terraiguana subclade 2,,,
Terraiguana subclade 3,,,
Terraiguana subclade 4,,,
Terraiguana subclade 5,,,
Terraiguana,,,
Terrestrisuchus,,,10
Testudinata subclade 1,,,
Testudinata subclade 2,,,
Testudinata,,,
Tetanurae subclade 1,,,
Tetanurae,,,
Tethyshadros,,,10
Tethytheria,,,
Tetonius,,,10
Tetraceratops,,,
Tetraclinis,,,50
Tetrameryx,,,10
Tetrapod,,,50
Tetrapodomorpha,,,
Tetrapulmonata,,,
Thecodontosaurus,,,10
Thelodonti,,,
Thelyphonida,"[""whip scorpions"", ""vinegaroons""]",,10
Therapsida,,,
Theria,,,
Theriodont,,Theriodontia,
Therizinosaur,,Therizinosauria,
Therizinosauridae subclade 1,,,
Therizinosauridae,,,
Therizinosauroidea subclade 1,,,
Therizinosauroidea,,,
Therizinosaurus,,,40
Therocephalia,,,
Therochelonia,,,
Theropoda subclade 1,,,
Theropoda subclade 2,,,
Theropoda subclade 3,,,
Theropoda,,,
Thescelosaurus,,,10
Thomson's gazelle,,Eudorcas thomsonii,60
Thoosuchus,,,10
Three-toed sloth,,Bradypodidae,60
Thuja,,,50
Thujopsis,,,50
Thunnosauria subclade 1,,,
Thunnosauria subclade 2,,,
Thunnosauria,,,
Thurniaceae,,,10
Thylacosmilus,,,40
Thyreophora subclade 1,,,
Thyreophora,,,
Thyreophoroidea,,,
Tianyulong,,,10
Tianyuraptor,,,10
Tiarajudens,,,10
Tibetan antelope,"[""Chiru""]",Pantholops hodgsonii,50
Ticinosuchus,,,10
Tick,,Metastigmata=Ixodida,60
Tiger,,Panthera tigris,80
Tiktaalik,,,
Tillandsioideae,,,10
Titanophoneus,,,10
Titanosaur subclade 1,,,
Titanosaur,,Titanosauria,20
Titanosauriformes,,,
Tomiostrobus,,,10
Toolache wallaby,"[""Grey's wallaby""]",Macropus greyi,30
Toothed whale,,Odontoceti,60
Topi,,Damaliscus lunatus jimela,60
Toretocnemidae,,,
Tornieria,,,10
Torosaurus,,,10
Tortilicaulis,,,10
Torvosaurus,,,10
Toxicofera subclade 1,,,
Toxicofera,,,
Trachyteuthis,,,10
Traversodontidae,,,
Trechnotheria,,,
Tree vole,,,50
Tree-kangaroo,,Dendrolagus,40
Treeshrew,"[""banxring""]",Scandentia,50
Trematopidae subclade 1,,,
Trematopidae subclade 2,,,
Trematopidae,,,
Trematosauria,,,
Trematosauroidea,,,
Trematosaurus,,,10
Triadobatrachus,,,10
Tribosphenida,,,
Tribrachidium,,,
Triceratops,,,85
Trichopus,,,40
Trigonotarbida,,,10
Trilobite,,Trilobita,50
Trilobitomorpha subclade 1,,,
Trilobitomorpha subclade 2,,,
Trilobitomorpha subclade 3,,,
Trilobitomorpha subclade 4,,,
Trilobitomorpha,,,
Trilobozoa,,,
Trilophosaurus,,,
Trilophosuchus,,,10
Trimenia,,,50
Trirachodon,,,10
Tristichopteridae subclade 1,,,
Tristichopteridae,,,
Trithuria,,,50
Triticeae,,,
Triticodae,,,
Tritylodon,,,10
Tritylodontidae,,,
Trochozoa subclade 1,,,
Trochozoa subclade 2,,,
Trochozoa subclade 3,,,
Trochozoa,,,
Troodon,,,20
Troodontidae subclade 1,,,
Troodontidae subclade 2,,,
Troodontidae subclade 3,,,
Troodontidae,,,
Tropidurinae,,,
Tropidurus,,,50
Tsaagan,,,10
Tsuga,"[""hemlock""]",,50
Tuatara,,Sphenodon,50
Tuco-tuco,,Ctenomys,50
Tulbaghieae,,,30
Tulip tree,,Liriodendron,55
Tunicate,,,
Tuojiangosaurus,,,10
Turfanosuchus,,,10
Turkmenian kulan,,Equus hemionus kulan,50
Turmeric,,,60
Turtle,,"Testudines, Chelonii",80
Tusk shell,,Scaphopoda,30
Two-toed sloth,,Choloepus,60
Tylomyinae,,,50
Tylopoda,,,
Typha,"[""bulrush"", ""reedmace"", ""cattail"", ""punks"", ""cumbungi"", ""raup\u00c5\u008d""]",,50
Typhaceae,,,
Typothoracisinae,,,
Typothorax,,,20
Tyrannosauridae,,,
Tyrannosaurinae subclade 1,,,
Tyrannosaurinae subclade 2,,,
Tyrannosaurinae subclade 3,,,
Tyrannosaurinae subclade 4,,,
Tyrannosaurinae subclade 5,,,
Tyrannosaurinae,,,
Tyrannosauroidea subclade 1,,Raptorex kriegsteini,
Tyrannosauroidea subclade 2,,,
Tyrannosauroidea subclade 3,,,
Tyrannosauroidea subclade 4,,,
Tyrannosauroidea subclade 5,,,
Tyrannosauroidea,,,
Tyrannosaurus,"[""T. Rex""]",Tyrannosaurus rex,85
Tyrannotitan,,,30
Uberabasuchus,,,10
Udanoceratops,,,10
Ulemica,,,10
Ulemosaurus,,,10
Unaysaurus,,,10
Unenlagia,,,20
Unenlagiinae subclade 1,,,
Unenlagiinae subclade 2,,,
Unenlagiinae,,,
Unidentata,,,
Unikont,,,
Uranocentrodon,,,10
Urial,,Ovis orientalis vignei,50
Uromastyx,,,10
Uropygids,,,
Urosaurus,,,50
Urotrichini,,,20
Uruguaysuchus,,,10
Utahceratops,,,10
Utahraptor,,,50
Utatsusaurus,,,10
Utaurora,,,10
Vagaceratops,,,10
Vampire squid,,Vampyroteuthis,40
Vanilla,,,70
Vanilleae,,,
Vanilloideae,,,
Varanidae,,,
Varanodon,,,10
Varanoidea,,,
Varanopidae,,,
Varanopinae subclade 1,,,
Varanopinae subclade 2,,,
Varanopinae,,,
Varanops,,,10
Vascular plant,,tracheophytes,40
Velafrons,,,10
Velociraptor,,,75
Velociraptorinae subclade 1,,,
Velociraptorinae,,,
Velocisaurus,,,10
Velosauria sublade 1,,,
Velosauria sublade 2,,,
Velosauria,,,
Venaticosuchus,,,10
Ventastega,,,10
Venyukovioidea subclade 1,,,
Venyukovioidea,,,
Vertebrate subclade 1,,,
Vertebrate subclade 2,,,
Vertebrate subclade 3,,,
Vertebrate subclade 4,,,
Vertebrate,,,50
Vesper mouse,,Calomys,50
Vetulicolia,,,
Viatkosuchus,,,10
Vicissicaudata subclade 1,,,
Vicissicaudata subclade 2,,,
Vicissicaudata,,,
Vicugna,,,50
Vicua,,Vicugna vicugna,40
Vincelestes,,,
Vintana,,,10
Viridiplantae,,Chloroplastida,
Viroid,,,40
Virus,,,70
Vivaxosaurus,,,10
Voay,,,10
Volcano rabbit,,Romerolagus,50
Vole,,Microtus,60
Vombatiformes,,,
Vulcanodon,,,20
Wadiasaurus,,,10
Wahlisaurus,,,10
Waipatia,,,10
Walia ibex,,Capra walie,50
Walrus,,Odobenus,80
Water buffalo,,,70
Water chestnut,,Eleocharis dulcis,60
Water lily,,Nymphaeaceae,65
Waterbuck,,,60
Watongia,,,10
Weasel,,Mustela,65
West caucasian tur,,Capra caucasica caucasica,50
Western brush wallaby,,Macropus irma,40
Western grey kangaroo,,Macropus fuliginosus,75
Western lowland olingo,,Bassaricyon medius,30
Western mountain coati,,Nasuella olivacea,30
Westlothiana,,,
Wetlugasaurus,,,10
Whaitsiidae,,,
Whatcheeriidae,,,
Wheat,,,75
Whippomorpha,,,
Whiptail wallaby,,Macropus parryi,40
White-footed climbing mouse,,Rhipidomys leucodactylus,50
White-nosed coati,"[""Coatimundi""]",Nasua narica,30
White-tailed olalla rat,,Olallamys albicauda,50
Wiehenvenator,,,10
Wild asses subclade 1,,,
Wild asses subclade 2,,,
Wild asses subclade 3,,,
Wild asses,,Asinus,50
Wild ginger,,Asarum,55
Wild goat,,Capra aegagrus,70
Wild horse,,Equus ferus,50
Wild rice,,Zizania,65
Wild water buffalo,"[""Asian buffalo"", ""Asiatic buffalo"", ""Arni"", ""Arnee""]",Bubalus arnee,55
Wild yak,,,60
Wolf,,,75
Wollemia,,,50
Wolverine,"[""Glutton"", ""Carcajou"", ""Skunk bear"", ""Quickhatch""]",Gulo gulo,65
Wombat,,Vombatidae,60
Woodland thicket rat,,Grammomys dolichurus,50
Wuerhosaurus,,,10
Xandarella,,,10
Xandarellida subclade 1,,,
Xandarellida subclade 2,,,
Xandarellida subclade 3,,,
Xandarellida,,,
Xenarthra,,,
Xenotosuchus,,,10
Xenoturbella,,Xenoturbellida,
Xeronema,,,30
Xiaotingia,,,10
Xiongguanlong,,,10
Xiphodontidae,,,
Xixiasaurus,,,10
Xyrid clade,,,
Xyridaceae,,,10
Yacarerani,,,10
Yam,,,60
Yamaceratops,,,10
Yangchuanosaurus,,,10
Yellow-rumped leaf-eared mouse,,Phyllotis xanthopygus,50
Yerba mansa,,Anemopsis,55
Yinlong,,,10
Yucca,,,50
Yunguisaurus,,,10
Yunnanosaurus,,,10
Yurgovuchia,,,10
Zalambdalestes,,,10
Zalmoxes,,,10
Zambiasaurus,,,10
Zamia,,,50
Zamiaceae,,,
Zamieae,,,
Zamiineae,,,
Zamioideae,,,
Zanabazar,,,10
Zatheria,,,
Zatrachydidae,,,
Zatrachys,,,30
Zebra,,Hippotigris and Dolichohippus,80
Zebu,,,55
Zhuchengceratops,,,10
Zhuchengtyrannus,,,10
Zingiberaceae,,,
Zingiberales subclade 1,,,
Zingiberales subclade 2,,,
Zingiberales,,,
Zingiberariae,,,
Zingibereae,,,
Zingiberineae,,,
Zingiberoideae,,,
Zizaniinae,,,
Zizaniopsis,,,30
Zokor,,,50
Zonosaurinae,,,
Zosterophyllopsida,,,10
Zuniceratops,,,10
Zupaysaurus,,,10
zygentoma,,,
Zygomaturinae,,,
Zygomaturus,,,20
Zygophyseter,,,
Zygorhiza,,,10
Zygosaurus,,,10
